Date,State,Confirmed,Recovered,Deceased,Total Doses Administered,Population
2025-06-01,Maharashtra,3470,3217,33,5367,85467831
2025-06-01,Delhi,2503,1203,10,9677,79783906
2025-06-01,Karnataka,3152,1506,27,8435,46050898
2025-06-01,Tamil Nadu,4815,3552,12,6546,17969940
2025-06-01,Uttar Pradesh,3360,2729,11,5829,111862200
2025-06-01,West Bengal,236,65,44,5246,82645085
2025-06-01,Gujarat,1768,809,42,3386,73892787
2025-06-01,Rajasthan,4417,2790,33,6059,119222802
2025-06-01,Bihar,538,140,17,3411,115471829
2025-06-01,Kerala,4366,266,25,3111,73198070
2025-06-02,Maharashtra,1600,1284,1,4296,7040119
2025-06-02,Delhi,3934,2064,36,5515,92746394
2025-06-02,Karnataka,464,205,12,4021,2160722
2025-06-02,Tamil Nadu,3957,3844,48,6290,8640799
2025-06-02,Uttar Pradesh,1593,473,15,7152,23286461
2025-06-02,West Bengal,1020,642,12,522,52201854
2025-06-02,Gujarat,4943,1585,2,7636,44233631
2025-06-02,Rajasthan,792,518,34,5560,31954317
2025-06-02,Bihar,1247,308,10,3138,66283719
2025-06-02,Kerala,3364,1480,18,4505,29461866
2025-06-03,Maharashtra,1903,189,20,7659,102880795
2025-06-03,Delhi,1512,1396,35,4476,71501845
2025-06-03,Karnataka,453,241,26,6962,55343051
2025-06-03,Tamil Nadu,1422,1211,40,3815,119243194
2025-06-03,Uttar Pradesh,2220,1143,11,2007,66156045
2025-06-03,West Bengal,4503,487,23,3900,28460336
2025-06-03,Gujarat,4195,1674,28,4146,5566260
2025-06-03,Rajasthan,2170,506,22,5334,72032711
2025-06-03,Bihar,2051,1434,11,1449,72894353
2025-06-03,Kerala,4915,2983,0,2852,35879624
2025-06-04,Maharashtra,342,275,19,5431,28597969
2025-06-04,Delhi,1016,231,16,5729,57828971
2025-06-04,Karnataka,4590,1314,20,7979,37474541
2025-06-04,Tamil Nadu,2236,1706,23,4476,72714404
2025-06-04,Uttar Pradesh,3301,1623,39,8498,96129461
2025-06-04,West Bengal,2934,433,20,8980,14598705
2025-06-04,Gujarat,3612,3530,32,4541,99144515
2025-06-04,Rajasthan,2685,1128,16,8001,24208180
2025-06-04,Bihar,3448,2752,7,5541,25575178
2025-06-04,Kerala,4450,869,32,7497,77707858
2025-06-05,Maharashtra,3317,2198,19,6745,26812636
2025-06-05,Delhi,3402,1567,7,3439,54341290
2025-06-05,Karnataka,2727,2669,0,1113,28674104
2025-06-05,Tamil Nadu,884,77,8,2070,51134053
2025-06-05,Uttar Pradesh,3626,2020,4,2640,14142224
2025-06-05,West Bengal,4820,3961,34,867,87530088
2025-06-05,Gujarat,3817,291,4,6992,96568400
2025-06-05,Rajasthan,3920,1137,12,613,26228910
2025-06-05,Bihar,1560,1186,3,5222,27919313
2025-06-05,Kerala,3850,1669,6,7759,65539069
2025-06-06,Maharashtra,2414,1215,25,5089,1645928
2025-06-06,Delhi,2374,991,39,883,88249109
2025-06-06,Karnataka,4924,2987,33,9123,41933250
2025-06-06,Tamil Nadu,1442,694,24,3796,31181843
2025-06-06,Uttar Pradesh,4432,3922,4,5740,29035617
2025-06-06,West Bengal,4631,2818,21,6296,97103336
2025-06-06,Gujarat,3470,3235,14,997,103697404
2025-06-06,Rajasthan,3560,2011,29,3269,98098920
2025-06-06,Bihar,4706,4670,21,6110,95361082
2025-06-06,Kerala,3359,1168,9,2560,57000551
2025-06-07,Maharashtra,352,209,5,6768,57599421
2025-06-07,Delhi,1653,358,48,1885,102167066
2025-06-07,Karnataka,2935,896,34,2334,104016451
2025-06-07,Tamil Nadu,2482,1971,38,7953,13082636
2025-06-07,Uttar Pradesh,303,251,34,7312,54007846
2025-06-07,West Bengal,1782,1601,1,646,67559774
2025-06-07,Gujarat,933,835,27,6412,2003181
2025-06-07,Rajasthan,1860,1109,22,8931,15826980
2025-06-07,Bihar,2018,2012,19,4789,48084920
2025-06-07,Kerala,4320,3255,30,8267,111938106
2025-06-08,Maharashtra,1636,208,11,131,73662347
2025-06-08,Delhi,1003,853,17,4225,15723925
2025-06-08,Karnataka,3562,1975,48,1081,78603443
2025-06-08,Tamil Nadu,2697,654,39,1372,89263792
2025-06-08,Uttar Pradesh,4350,327,19,4072,99207136
2025-06-08,West Bengal,2380,310,21,4192,79218126
2025-06-08,Gujarat,4699,4042,0,1529,91518115
2025-06-08,Rajasthan,4008,1027,27,7519,106588509
2025-06-08,Bihar,4091,1287,16,7373,23728894
2025-06-08,Kerala,2479,1335,40,9908,95948315
2025-06-09,Maharashtra,4902,1501,47,1209,16805616
2025-06-09,Delhi,1597,467,34,9360,110614903
2025-06-09,Karnataka,4846,2980,35,9598,17012815
2025-06-09,Tamil Nadu,3080,1557,1,3834,110556886
2025-06-09,Uttar Pradesh,4417,3415,18,7880,91468951
2025-06-09,West Bengal,314,268,4,393,47448177
2025-06-09,Gujarat,4822,3727,32,9309,59455306
2025-06-09,Rajasthan,2780,1764,24,879,105363883
2025-06-09,Bihar,4482,534,1,6012,15085501
2025-06-09,Kerala,3230,2887,20,1053,90839497
2025-06-10,Maharashtra,4257,1050,49,609,71742239
2025-06-10,Delhi,565,238,6,8562,12408191
2025-06-10,Karnataka,1550,422,17,6205,108673083
2025-06-10,Tamil Nadu,4932,3562,44,6466,104614876
2025-06-10,Uttar Pradesh,3010,342,35,5463,96489462
2025-06-10,West Bengal,399,129,49,3581,61259808
2025-06-10,Gujarat,4636,4500,26,9720,23667489
2025-06-10,Rajasthan,4718,2683,31,8154,114678396
2025-06-10,Bihar,943,121,48,1234,69296279
2025-06-10,Kerala,4208,3502,6,1458,19577538
2025-06-11,Maharashtra,1764,1433,46,8977,55972412
2025-06-11,Delhi,2549,1760,47,9426,116972910
2025-06-11,Karnataka,1527,893,48,7645,89916258
2025-06-11,Tamil Nadu,3557,1269,35,3652,66213881
2025-06-11,Uttar Pradesh,899,208,30,8936,66667362
2025-06-11,West Bengal,2263,1304,33,9028,92745473
2025-06-11,Gujarat,532,182,3,3358,31872773
2025-06-11,Rajasthan,595,469,42,3813,31890086
2025-06-11,Bihar,1975,1608,49,6494,73467637
2025-06-11,Kerala,3678,1756,21,4431,119709390
2025-06-12,Maharashtra,1376,657,35,7344,65489915
2025-06-12,Delhi,1181,1152,45,6560,35883868
2025-06-12,Karnataka,804,119,18,8444,36382618
2025-06-12,Tamil Nadu,727,427,47,204,27304452
2025-06-12,Uttar Pradesh,1280,375,38,203,21915200
2025-06-12,West Bengal,3933,2002,14,2790,113394596
2025-06-12,Gujarat,371,165,24,706,110338936
2025-06-12,Rajasthan,2519,1827,32,6784,119832638
2025-06-12,Bihar,3213,1995,40,1820,5263766
2025-06-12,Kerala,3473,412,4,8019,7742445
2025-06-13,Maharashtra,3687,3581,6,2859,83455530
2025-06-13,Delhi,2552,1154,20,3567,21949672
2025-06-13,Karnataka,1378,1327,19,5293,102139763
2025-06-13,Tamil Nadu,508,414,8,9359,51249983
2025-06-13,Uttar Pradesh,110,95,42,4581,8319786
2025-06-13,West Bengal,3066,300,32,2340,93092488
2025-06-13,Gujarat,1432,117,41,6087,14539716
2025-06-13,Rajasthan,1142,114,31,7301,95112477
2025-06-13,Bihar,1580,1548,32,6003,25431768
2025-06-13,Kerala,3196,530,21,6391,59353307
2025-06-14,Maharashtra,3948,799,49,1045,86104077
2025-06-14,Delhi,2752,219,29,7143,72117239
2025-06-14,Karnataka,3164,945,44,1304,115744345
2025-06-14,Tamil Nadu,3210,788,33,5981,59664359
2025-06-14,Uttar Pradesh,4929,4018,15,5514,38805617
2025-06-14,West Bengal,573,400,10,2565,4287077
2025-06-14,Gujarat,2899,1365,28,2615,62360788
2025-06-14,Rajasthan,2578,449,27,7635,88189719
2025-06-14,Bihar,3119,2656,28,57,56270351
2025-06-14,Kerala,4615,4531,9,1646,5776942
2025-06-15,Maharashtra,689,687,32,5664,79267374
2025-06-15,Delhi,3628,885,9,2717,53407876
2025-06-15,Karnataka,2358,1249,4,8507,109411798
2025-06-15,Tamil Nadu,1338,239,33,2113,76635203
2025-06-15,Uttar Pradesh,2438,361,38,9230,58725311
2025-06-15,West Bengal,4488,3438,5,4036,5992968
2025-06-15,Gujarat,4325,707,7,2671,116760073
2025-06-15,Rajasthan,1409,122,2,5921,82532646
2025-06-15,Bihar,4982,1706,32,5913,39143922
2025-06-15,Kerala,2661,1640,11,7957,89642198
2025-06-16,Maharashtra,812,272,13,5013,39195685
2025-06-16,Delhi,4199,830,27,5517,60470562
2025-06-16,Karnataka,740,706,44,9493,26679430
2025-06-16,Tamil Nadu,4758,1617,12,4888,24627823
2025-06-16,Uttar Pradesh,4966,4385,14,9692,90772972
2025-06-16,West Bengal,1302,728,4,7202,113927243
2025-06-16,Gujarat,2214,1474,10,5795,44982073
2025-06-16,Rajasthan,2769,615,2,980,20497117
2025-06-16,Bihar,3415,1706,31,2799,29959367
2025-06-16,Kerala,2992,2372,21,5618,8096115
2025-06-17,Maharashtra,1771,556,27,8236,19645956
2025-06-17,Delhi,417,289,19,7297,93570386
2025-06-17,Karnataka,2674,2562,29,7462,82147345
2025-06-17,Tamil Nadu,1345,318,11,2246,59523100
2025-06-17,Uttar Pradesh,1810,1178,33,136,20775259
2025-06-17,West Bengal,2647,1379,16,3550,50187324
2025-06-17,Gujarat,2500,1820,2,8284,6566831
2025-06-17,Rajasthan,1919,640,34,6119,26189473
2025-06-17,Bihar,2587,1930,17,3838,1156753
2025-06-17,Kerala,1160,752,41,5385,5029395
2025-06-18,Maharashtra,2389,579,25,2278,117502637
2025-06-18,Delhi,1064,186,6,1092,89593024
2025-06-18,Karnataka,1425,854,19,7217,55232032
2025-06-18,Tamil Nadu,2394,356,18,8236,32616646
2025-06-18,Uttar Pradesh,3054,179,39,2315,86744699
2025-06-18,West Bengal,2319,736,28,1127,33836746
2025-06-18,Gujarat,4894,2664,46,7476,57586828
2025-06-18,Rajasthan,4021,248,5,9394,9176606
2025-06-18,Bihar,259,231,28,852,92000453
2025-06-18,Kerala,747,620,43,7069,94203929
2025-06-19,Maharashtra,3406,1057,7,2167,34231489
2025-06-19,Delhi,1851,1574,32,6445,74884185
2025-06-19,Karnataka,395,346,26,1312,59704964
2025-06-19,Tamil Nadu,2450,1065,9,1201,10027351
2025-06-19,Uttar Pradesh,2400,2161,11,1936,60768336
2025-06-19,West Bengal,121,119,48,1911,99825391
2025-06-19,Gujarat,1175,718,20,7678,2515819
2025-06-19,Rajasthan,1499,1354,36,4980,88540639
2025-06-19,Bihar,4624,3050,26,8879,53149720
2025-06-19,Kerala,4089,1039,24,7928,23677051
2025-06-20,Maharashtra,3925,2886,31,3265,46858671
2025-06-20,Delhi,2280,381,23,7656,17350476
2025-06-20,Karnataka,1905,1438,13,1464,21740471
2025-06-20,Tamil Nadu,4327,3549,20,1141,42704069
2025-06-20,Uttar Pradesh,569,75,26,1040,66179373
2025-06-20,West Bengal,1299,1171,8,7749,36276491
2025-06-20,Gujarat,3250,2398,29,9982,86770052
2025-06-20,Rajasthan,1254,151,41,9931,38432366
2025-06-20,Bihar,3719,3643,12,2950,116088252
2025-06-20,Kerala,1186,248,17,6737,86082661
2025-06-21,Maharashtra,190,169,0,7271,113277392
2025-06-21,Delhi,3379,3191,49,1677,20574909
2025-06-21,Karnataka,2808,2543,26,2821,115145202
2025-06-21,Tamil Nadu,1933,1488,7,9911,118986607
2025-06-21,Uttar Pradesh,3639,758,24,2083,27489569
2025-06-21,West Bengal,2535,1850,10,7577,56961496
2025-06-21,Gujarat,2301,506,22,203,48298321
2025-06-21,Rajasthan,3756,1573,29,9084,47265694
2025-06-21,Bihar,1881,1766,27,8793,94484985
2025-06-21,Kerala,4060,2993,26,6052,17623145
2025-06-22,Maharashtra,887,468,40,4494,77345814
2025-06-22,Delhi,4623,136,46,4239,23888786
2025-06-22,Karnataka,1120,779,49,6816,27308946
2025-06-22,Tamil Nadu,2641,987,17,3018,13124572
2025-06-22,Uttar Pradesh,2348,514,5,2838,44284974
2025-06-22,West Bengal,4219,2092,36,5861,21562550
2025-06-22,Gujarat,145,80,37,5596,13608823
2025-06-22,Rajasthan,4070,541,28,945,92593290
2025-06-22,Bihar,2724,2495,0,4873,62687854
2025-06-22,Kerala,3739,1271,40,9341,62597740
2025-06-23,Maharashtra,1473,294,27,5782,18559087
2025-06-23,Delhi,375,340,40,4998,31061954
2025-06-23,Karnataka,754,708,34,2342,91065865
2025-06-23,Tamil Nadu,2066,79,6,7479,13697209
2025-06-23,Uttar Pradesh,3176,1729,5,4981,22741340
2025-06-23,West Bengal,1553,542,44,3028,39134401
2025-06-23,Gujarat,4267,2316,46,5598,19909520
2025-06-23,Rajasthan,760,660,11,2485,74779888
2025-06-23,Bihar,2347,1530,19,1310,38750391
2025-06-23,Kerala,206,96,25,8915,42371933
2025-06-24,Maharashtra,1814,818,25,2224,54427731
2025-06-24,Delhi,745,121,36,8330,48049301
2025-06-24,Karnataka,4844,935,40,8412,9083294
2025-06-24,Tamil Nadu,3952,890,9,2275,105738320
2025-06-24,Uttar Pradesh,2351,890,30,2897,28435889
2025-06-24,West Bengal,4883,4688,41,3069,110665647
2025-06-24,Gujarat,3417,2350,7,5616,60546438
2025-06-24,Rajasthan,2449,287,38,7024,8278188
2025-06-24,Bihar,2884,2202,41,1153,34770943
2025-06-24,Kerala,954,447,3,5487,19806254
2025-06-25,Maharashtra,1054,242,48,9252,89569802
2025-06-25,Delhi,3978,2723,10,1530,28122229
2025-06-25,Karnataka,3793,569,2,3763,32031857
2025-06-25,Tamil Nadu,2503,110,44,4393,97941521
2025-06-25,Uttar Pradesh,2209,1191,39,976,39253029
2025-06-25,West Bengal,3140,2587,9,7643,86725301
2025-06-25,Gujarat,465,178,38,6789,119000685
2025-06-25,Rajasthan,1279,664,10,3814,118906429
2025-06-25,Bihar,4291,2405,24,8605,102043005
2025-06-25,Kerala,4318,4195,32,4392,74230494
2025-06-26,Maharashtra,3726,2609,21,4471,21640942
2025-06-26,Delhi,555,276,27,9030,103091924
2025-06-26,Karnataka,296,190,33,2670,46266668
2025-06-26,Tamil Nadu,1790,219,37,3820,25608801
2025-06-26,Uttar Pradesh,4865,1857,45,6328,105666832
2025-06-26,West Bengal,1659,163,43,1388,65054499
2025-06-26,Gujarat,4514,2696,4,6841,32763963
2025-06-26,Rajasthan,1130,412,5,6299,91400648
2025-06-26,Bihar,3208,1401,7,8467,108490778
2025-06-26,Kerala,1216,493,29,119,106946977
2025-06-27,Maharashtra,334,328,32,3977,34339662
2025-06-27,Delhi,344,257,41,148,20636055
2025-06-27,Karnataka,4306,2303,27,8996,80646138
2025-06-27,Tamil Nadu,4069,2886,29,27,46342751
2025-06-27,Uttar Pradesh,3617,2362,24,3370,70843237
2025-06-27,West Bengal,2512,1377,33,6508,103994572
2025-06-27,Gujarat,3612,305,9,2980,44544828
2025-06-27,Rajasthan,3188,2090,8,2178,21713435
2025-06-27,Bihar,895,713,17,3073,20374218
2025-06-27,Kerala,3762,731,35,973,86978182
2025-06-28,Maharashtra,535,311,33,2790,68507008
2025-06-28,Delhi,4787,4057,33,2252,11663063
2025-06-28,Karnataka,2191,1136,7,6954,114258448
2025-06-28,Tamil Nadu,2278,215,43,3527,16797038
2025-06-28,Uttar Pradesh,2706,2395,34,4171,78572517
2025-06-28,West Bengal,549,320,44,1570,92811766
2025-06-28,Gujarat,2267,728,26,4963,57135886
2025-06-28,Rajasthan,4614,3706,7,6989,7335372
2025-06-28,Bihar,1661,235,16,9669,47687037
2025-06-28,Kerala,2452,1280,9,1617,98591957
2025-06-29,Maharashtra,2682,226,33,5463,91174279
2025-06-29,Delhi,3985,950,4,4007,68479553
2025-06-29,Karnataka,2907,2466,13,2668,29443170
2025-06-29,Tamil Nadu,2981,2834,18,118,34921414
2025-06-29,Uttar Pradesh,488,209,13,6096,39877440
2025-06-29,West Bengal,3476,504,26,4231,71251286
2025-06-29,Gujarat,1944,636,32,4638,75636282
2025-06-29,Rajasthan,350,81,43,6203,60196718
2025-06-29,Bihar,3220,2324,23,7261,56225181
2025-06-29,Kerala,4992,4179,29,7020,34775638
2025-06-30,Maharashtra,2426,1848,34,3382,54588817
2025-06-30,Delhi,4344,2360,13,4627,30611542
2025-06-30,Karnataka,392,210,4,5869,36988763
2025-06-30,Tamil Nadu,2613,644,45,2461,51963098
2025-06-30,Uttar Pradesh,3131,528,30,7483,7408256
2025-06-30,West Bengal,1309,183,11,8601,57025248
2025-06-30,Gujarat,1272,215,4,1669,107405474
2025-06-30,Rajasthan,4449,165,4,1390,21595316
2025-06-30,Bihar,2392,115,6,3221,42171685
2025-06-30,Kerala,955,212,8,9293,23823854
2025-07-01,Maharashtra,758,87,22,6157,106513173
2025-07-01,Delhi,3509,2634,0,691,52345358
2025-07-01,Karnataka,2263,1255,25,9592,81185845
2025-07-01,Tamil Nadu,1555,618,37,6228,112215971
2025-07-01,Uttar Pradesh,1250,51,12,7718,83305982
2025-07-01,West Bengal,174,146,48,2183,62303440
2025-07-01,Gujarat,4178,2747,36,5190,78018998
2025-07-01,Rajasthan,682,590,35,5651,93581477
2025-07-01,Bihar,1689,1227,41,323,108277130
2025-07-01,Kerala,2645,662,30,4270,64889089
2025-07-02,Maharashtra,3096,736,14,3302,54176952
2025-07-02,Delhi,2075,159,48,3241,46548859
2025-07-02,Karnataka,2900,2869,36,337,46465538
2025-07-02,Tamil Nadu,896,315,44,1119,94191514
2025-07-02,Uttar Pradesh,1863,1395,21,4185,109556429
2025-07-02,West Bengal,712,288,4,3492,7935701
2025-07-02,Gujarat,3096,1860,35,8629,70507247
2025-07-02,Rajasthan,4473,312,23,3450,41754104
2025-07-02,Bihar,3716,1447,41,3441,26904288
2025-07-02,Kerala,2605,1203,39,302,83222424
2025-07-03,Maharashtra,465,233,32,6887,101241937
2025-07-03,Delhi,2228,545,43,4108,60697209
2025-07-03,Karnataka,3722,564,22,8986,13012355
2025-07-03,Tamil Nadu,4500,373,34,1575,39061679
2025-07-03,Uttar Pradesh,2030,429,26,8727,37422547
2025-07-03,West Bengal,3425,1182,18,1981,28409958
2025-07-03,Gujarat,132,113,19,3789,57222630
2025-07-03,Rajasthan,2394,81,0,7228,93133653
2025-07-03,Bihar,472,437,44,8505,90316896
2025-07-03,Kerala,1663,234,21,4518,119765953
2025-07-04,Maharashtra,3649,413,12,2923,117459166
2025-07-04,Delhi,2852,1369,40,7079,48751492
2025-07-04,Karnataka,2045,355,28,1312,37866435
2025-07-04,Tamil Nadu,4769,2305,6,7122,111263470
2025-07-04,Uttar Pradesh,3585,2352,38,1358,7392631
2025-07-04,West Bengal,4806,4127,10,9295,109958941
2025-07-04,Gujarat,755,741,41,7919,112931877
2025-07-04,Rajasthan,4175,3165,26,6455,15751702
2025-07-04,Bihar,3273,1770,44,6431,31467085
2025-07-04,Kerala,637,174,37,1102,68464775
2025-07-05,Maharashtra,1510,500,21,4204,112337720
2025-07-05,Delhi,4708,3251,20,4673,43494575
2025-07-05,Karnataka,3038,1610,37,4273,34342967
2025-07-05,Tamil Nadu,564,425,15,9470,57597745
2025-07-05,Uttar Pradesh,1117,300,28,7584,112763385
2025-07-05,West Bengal,4870,2425,11,8162,70297618
2025-07-05,Gujarat,4308,3192,37,2888,5693754
2025-07-05,Rajasthan,2619,2321,2,3273,50386394
2025-07-05,Bihar,3824,270,30,8455,82106081
2025-07-05,Kerala,2396,754,9,8670,26571573
2025-07-06,Maharashtra,4484,2915,41,649,23089894
2025-07-06,Delhi,3645,2146,29,7006,51791949
2025-07-06,Karnataka,4543,3270,19,8850,75308262
2025-07-06,Tamil Nadu,788,183,22,6900,61191825
2025-07-06,Uttar Pradesh,3428,2230,12,1480,74011353
2025-07-06,West Bengal,2269,1606,14,2666,70589886
2025-07-06,Gujarat,2856,2764,41,5054,47577656
2025-07-06,Rajasthan,2838,1910,11,3989,68324687
2025-07-06,Bihar,4592,201,23,3247,22670516
2025-07-06,Kerala,1967,74,38,5576,45361838
2025-07-07,Maharashtra,2336,791,11,4906,50610047
2025-07-07,Delhi,3275,206,47,8349,24557252
2025-07-07,Karnataka,1060,944,17,551,119439063
2025-07-07,Tamil Nadu,537,142,38,7049,84631942
2025-07-07,Uttar Pradesh,3324,3011,21,2858,30847237
2025-07-07,West Bengal,465,410,6,3510,70526383
2025-07-07,Gujarat,3069,339,18,3463,100135163
2025-07-07,Rajasthan,3206,3094,0,2259,114754683
2025-07-07,Bihar,1328,443,38,1648,32827560
2025-07-07,Kerala,2609,1316,16,2725,89551475
2025-07-08,Maharashtra,628,218,44,1472,76659540
2025-07-08,Delhi,2516,1631,16,1938,67554668
2025-07-08,Karnataka,752,340,38,4519,45540668
2025-07-08,Tamil Nadu,4538,3944,45,3084,50147270
2025-07-08,Uttar Pradesh,276,93,48,8775,31812893
2025-07-08,West Bengal,4676,1806,42,5568,30792655
2025-07-08,Gujarat,816,793,36,1297,42776668
2025-07-08,Rajasthan,3188,719,46,4428,32945577
2025-07-08,Bihar,4897,3591,21,6061,115762127
2025-07-08,Kerala,1503,661,0,6867,44680058
2025-07-09,Maharashtra,4054,1918,13,6704,56073498
2025-07-09,Delhi,1343,191,27,8970,78300948
2025-07-09,Karnataka,1476,71,44,3170,33950545
2025-07-09,Tamil Nadu,3009,2542,40,6131,81017151
2025-07-09,Uttar Pradesh,1291,612,49,1642,13954782
2025-07-09,West Bengal,1413,767,38,8503,111088131
2025-07-09,Gujarat,1640,1632,23,2847,67846121
2025-07-09,Rajasthan,3748,1169,46,8105,31178578
2025-07-09,Bihar,799,671,37,2914,15007589
2025-07-09,Kerala,1165,292,24,8540,84658519
2025-07-10,Maharashtra,3786,3586,25,6320,116016817
2025-07-10,Delhi,989,438,3,7885,74946173
2025-07-10,Karnataka,4034,3076,48,9167,56036546
2025-07-10,Tamil Nadu,2755,1961,24,9681,47779113
2025-07-10,Uttar Pradesh,1522,1295,36,2256,26046985
2025-07-10,West Bengal,350,253,31,6973,53752707
2025-07-10,Gujarat,118,53,41,2170,112876066
2025-07-10,Rajasthan,2890,956,35,7668,74512703
2025-07-10,Bihar,1682,242,2,7092,11305804
2025-07-10,Kerala,2559,2084,16,2473,12045341
2025-07-11,Maharashtra,3849,3473,41,5616,6933401
2025-07-11,Delhi,1231,1012,46,7120,20463599
2025-07-11,Karnataka,1278,495,5,5390,30557941
2025-07-11,Tamil Nadu,143,112,40,6296,3016241
2025-07-11,Uttar Pradesh,2330,1654,26,5975,15439203
2025-07-11,West Bengal,378,226,6,2576,76078493
2025-07-11,Gujarat,2448,2416,31,1627,23075458
2025-07-11,Rajasthan,1059,344,28,8591,73731199
2025-07-11,Bihar,469,385,15,8990,110502974
2025-07-11,Kerala,1236,945,18,6067,106418107
2025-07-12,Maharashtra,3765,1312,46,2842,98915556
2025-07-12,Delhi,2790,2280,20,6250,31430081
2025-07-12,Karnataka,146,115,40,2817,16727024
2025-07-12,Tamil Nadu,4738,3199,3,5627,37201905
2025-07-12,Uttar Pradesh,1002,472,20,6682,107918288
2025-07-12,West Bengal,2197,316,2,8679,43232087
2025-07-12,Gujarat,3298,117,26,9371,49192151
2025-07-12,Rajasthan,2695,1370,30,5150,15545984
2025-07-12,Bihar,2138,1566,20,3332,103349708
2025-07-12,Kerala,685,126,48,9746,37377068
2025-07-13,Maharashtra,3516,2408,18,3623,99505364
2025-07-13,Delhi,1432,1129,5,197,59877402
2025-07-13,Karnataka,1932,605,14,4258,109827672
2025-07-13,Tamil Nadu,3911,3766,17,8209,39471894
2025-07-13,Uttar Pradesh,3894,1114,45,2681,9041880
2025-07-13,West Bengal,4621,230,34,2008,71209550
2025-07-13,Gujarat,704,84,8,9266,44941244
2025-07-13,Rajasthan,4054,3359,37,1640,110485071
2025-07-13,Bihar,584,193,38,5000,87485994
2025-07-13,Kerala,2042,725,46,5654,27446756
2025-07-14,Maharashtra,721,168,17,5736,2090517
2025-07-14,Delhi,3278,2705,43,9262,85119991
2025-07-14,Karnataka,2750,2672,49,582,76683416
2025-07-14,Tamil Nadu,2008,1921,28,6549,80483029
2025-07-14,Uttar Pradesh,2568,1673,42,4585,22578977
2025-07-14,West Bengal,1351,391,36,5133,54654214
2025-07-14,Gujarat,638,205,1,7755,112507321
2025-07-14,Rajasthan,3653,1738,43,4548,84427814
2025-07-14,Bihar,2919,2362,10,2720,113377627
2025-07-14,Kerala,4587,2701,47,3118,43696153
2025-07-15,Maharashtra,3536,2378,31,461,47609152
2025-07-15,Delhi,950,493,19,9838,107250234
2025-07-15,Karnataka,1642,173,7,8371,62679508
2025-07-15,Tamil Nadu,786,198,21,8094,65669062
2025-07-15,Uttar Pradesh,2361,1335,2,581,37785643
2025-07-15,West Bengal,3773,401,7,7738,38983577
2025-07-15,Gujarat,3714,2647,15,6650,119473373
2025-07-15,Rajasthan,3861,1359,25,7716,89517438
2025-07-15,Bihar,2513,1941,13,4383,79647552
2025-07-15,Kerala,3350,2834,47,5401,87109557
2025-07-16,Maharashtra,4530,3695,17,3569,2093266
2025-07-16,Delhi,982,360,35,6868,52332834
2025-07-16,Karnataka,3863,1373,38,4713,22737475
2025-07-16,Tamil Nadu,1439,904,16,8819,89916944
2025-07-16,Uttar Pradesh,1760,994,18,527,87389715
2025-07-16,West Bengal,4299,469,27,4053,55095102
2025-07-16,Gujarat,4386,115,5,561,25711385
2025-07-16,Rajasthan,699,620,46,386,39812934
2025-07-16,Bihar,4680,480,12,789,84727071
2025-07-16,Kerala,1496,1408,17,964,75343419
2025-07-17,Maharashtra,4539,3004,39,2814,106692910
2025-07-17,Delhi,2370,1421,2,5711,35864824
2025-07-17,Karnataka,3248,1461,35,5432,60372205
2025-07-17,Tamil Nadu,2417,200,44,2555,1255320
2025-07-17,Uttar Pradesh,687,444,46,8752,93551830
2025-07-17,West Bengal,3271,1547,7,7351,96209019
2025-07-17,Gujarat,2886,2391,44,2064,67764190
2025-07-17,Rajasthan,3288,812,5,2592,78893564
2025-07-17,Bihar,1768,1007,20,9749,76653339
2025-07-17,Kerala,645,632,20,637,100543534
2025-07-18,Maharashtra,3712,2840,23,3155,102187939
2025-07-18,Delhi,2476,1905,35,6448,94717177
2025-07-18,Karnataka,3242,544,35,1512,84923737
2025-07-18,Tamil Nadu,3542,3089,31,4894,108483642
2025-07-18,Uttar Pradesh,2245,1841,4,3953,21632922
2025-07-18,West Bengal,2342,1642,15,6685,60033094
2025-07-18,Gujarat,2209,1355,15,6772,113708250
2025-07-18,Rajasthan,3942,2933,42,6634,103774539
2025-07-18,Bihar,3541,455,38,536,117405257
2025-07-18,Kerala,405,355,44,2131,113751770
2025-07-19,Maharashtra,2798,2305,23,2422,36380504
2025-07-19,Delhi,214,148,22,4304,22626087
2025-07-19,Karnataka,3768,121,36,8292,86307910
2025-07-19,Tamil Nadu,2036,444,32,810,44380539
2025-07-19,Uttar Pradesh,2582,398,42,2182,65448591
2025-07-19,West Bengal,1012,221,28,4842,3192385
2025-07-19,Gujarat,3261,1590,18,3715,94350394
2025-07-19,Rajasthan,4238,2014,15,6257,42711749
2025-07-19,Bihar,4578,3981,21,4878,69030858
2025-07-19,Kerala,559,402,38,6830,5573327
2025-07-20,Maharashtra,2529,2116,48,2075,50129742
2025-07-20,Delhi,3223,2500,38,8208,73153467
2025-07-20,Karnataka,4573,2929,40,8153,75481160
2025-07-20,Tamil Nadu,3062,260,5,3966,38020151
2025-07-20,Uttar Pradesh,3747,320,41,4987,84266832
2025-07-20,West Bengal,4428,945,31,793,53649836
2025-07-20,Gujarat,2234,1881,8,9336,67576784
2025-07-20,Rajasthan,3415,779,44,5878,85264295
2025-07-20,Bihar,3378,1015,27,8237,43037759
2025-07-20,Kerala,288,148,45,858,28628429
2025-07-21,Maharashtra,3385,560,4,6094,59070836
2025-07-21,Delhi,2170,1126,2,8618,59090548
2025-07-21,Karnataka,240,125,27,4654,28946434
2025-07-21,Tamil Nadu,4203,3715,40,3492,7104196
2025-07-21,Uttar Pradesh,3272,3099,7,3182,101014210
2025-07-21,West Bengal,4749,1723,40,6024,55865071
2025-07-21,Gujarat,868,775,1,6438,39984418
2025-07-21,Rajasthan,4407,4037,36,6735,56888671
2025-07-21,Bihar,3010,1013,36,1446,72812733
2025-07-21,Kerala,2578,546,38,5901,17741631
2025-07-22,Maharashtra,3880,3427,30,4170,80063786
2025-07-22,Delhi,2918,2365,49,1644,86178870
2025-07-22,Karnataka,3324,842,47,704,98077721
2025-07-22,Tamil Nadu,985,783,43,8503,41956195
2025-07-22,Uttar Pradesh,3659,298,1,3961,41023830
2025-07-22,West Bengal,366,358,49,7250,102848433
2025-07-22,Gujarat,4797,1563,49,4685,47979840
2025-07-22,Rajasthan,2291,1543,8,9343,60486523
2025-07-22,Bihar,3104,972,24,3811,48483041
2025-07-22,Kerala,1941,511,44,2860,13647546
2025-07-23,Maharashtra,2789,1368,48,8759,45914024
2025-07-23,Delhi,2269,1276,11,3733,81462701
2025-07-23,Karnataka,1839,1233,30,962,83659605
2025-07-23,Tamil Nadu,3048,2263,22,3558,106078350
2025-07-23,Uttar Pradesh,3813,3571,41,8381,27207309
2025-07-23,West Bengal,3680,716,23,5728,105136797
2025-07-23,Gujarat,1519,54,20,2190,34643428
2025-07-23,Rajasthan,3202,901,26,4972,5641117
2025-07-23,Bihar,2862,2348,3,1612,88944498
2025-07-23,Kerala,3930,1397,10,7252,25159264
2025-07-24,Maharashtra,2053,1949,41,4708,93165261
2025-07-24,Delhi,237,136,23,6041,95237004
2025-07-24,Karnataka,3779,176,16,98,17513703
2025-07-24,Tamil Nadu,4337,3454,27,104,98776076
2025-07-24,Uttar Pradesh,4411,489,27,9671,62741760
2025-07-24,West Bengal,1414,905,8,8744,1127901
2025-07-24,Gujarat,1320,691,26,3928,119120602
2025-07-24,Rajasthan,2950,926,24,3382,77805034
2025-07-24,Bihar,697,585,23,3693,42834226
2025-07-24,Kerala,1233,863,46,6907,87243690
2025-07-25,Maharashtra,4333,346,22,836,59393049
2025-07-25,Delhi,3628,1789,47,5770,97002418
2025-07-25,Karnataka,2358,637,48,5714,41214588
2025-07-25,Tamil Nadu,3444,1995,1,6342,64739349
2025-07-25,Uttar Pradesh,2876,1097,21,4276,87533799
2025-07-25,West Bengal,4516,2713,20,303,43291861
2025-07-25,Gujarat,987,760,3,3750,12468053
2025-07-25,Rajasthan,4773,3701,22,5154,101733159
2025-07-25,Bihar,1881,386,18,6996,59123389
2025-07-25,Kerala,4583,1913,19,6083,46040428
2025-07-26,Maharashtra,4313,3280,18,786,87784160
2025-07-26,Delhi,4082,1769,8,9264,72797413
2025-07-26,Karnataka,3242,2121,4,2139,101400480
2025-07-26,Tamil Nadu,2757,2187,40,4444,5838100
2025-07-26,Uttar Pradesh,2102,284,14,9281,15997447
2025-07-26,West Bengal,2286,1827,44,622,30220148
2025-07-26,Gujarat,2547,1526,38,3051,60454287
2025-07-26,Rajasthan,1173,570,26,5911,5087210
2025-07-26,Bihar,2897,846,8,4951,37670025
2025-07-26,Kerala,4348,3721,27,1995,65914805
2025-07-27,Maharashtra,4449,643,4,8988,11760655
2025-07-27,Delhi,4743,3605,30,5797,27129758
2025-07-27,Karnataka,689,329,26,7890,59573337
2025-07-27,Tamil Nadu,488,100,1,8754,94096157
2025-07-27,Uttar Pradesh,2619,1269,41,719,47466689
2025-07-27,West Bengal,401,198,20,2720,28767759
2025-07-27,Gujarat,1200,667,3,9045,85170494
2025-07-27,Rajasthan,3175,2931,27,539,114313832
2025-07-27,Bihar,2014,1770,1,9536,81622051
2025-07-27,Kerala,216,125,5,8040,48393869
2025-07-28,Maharashtra,249,179,44,2733,89103921
2025-07-28,Delhi,1390,813,43,8419,62125055
2025-07-28,Karnataka,3975,3137,16,5712,51698074
2025-07-28,Tamil Nadu,4377,313,3,3671,100573740
2025-07-28,Uttar Pradesh,2336,1662,37,1011,25004407
2025-07-28,West Bengal,2350,1017,28,3216,65841304
2025-07-28,Gujarat,2140,1054,16,8690,12009799
2025-07-28,Rajasthan,3405,446,29,5944,23416625
2025-07-28,Bihar,3468,161,26,733,87477074
2025-07-28,Kerala,4764,455,43,4623,56698538
2025-07-29,Maharashtra,516,412,27,220,36549547
2025-07-29,Delhi,4571,3397,15,9257,64428579
2025-07-29,Karnataka,2596,1916,7,6890,92194900
2025-07-29,Tamil Nadu,1718,367,41,8216,45167250
2025-07-29,Uttar Pradesh,1015,218,46,2339,116635812
2025-07-29,West Bengal,4567,4039,47,8120,86186801
2025-07-29,Gujarat,4582,528,39,4512,50945826
2025-07-29,Rajasthan,2109,496,31,5581,25875477
2025-07-29,Bihar,644,137,30,5285,78231008
2025-07-29,Kerala,1917,274,43,378,88877523
2025-07-30,Maharashtra,2209,129,33,7327,100118614
2025-07-30,Delhi,3305,1824,38,2501,50632460
2025-07-30,Karnataka,2342,1608,34,434,53885921
2025-07-30,Tamil Nadu,4203,1530,11,4096,39056464
2025-07-30,Uttar Pradesh,2931,2366,2,8982,92104282
2025-07-30,West Bengal,4883,365,4,40,4789861
2025-07-30,Gujarat,652,322,14,2585,104554806
2025-07-30,Rajasthan,2160,1716,10,141,119662503
2025-07-30,Bihar,2882,210,13,3091,34043792
2025-07-30,Kerala,4808,1205,22,7982,24539888
2025-07-31,Maharashtra,2731,1674,8,9187,19392718
2025-07-31,Delhi,4347,491,42,5603,76857854
2025-07-31,Karnataka,1996,1826,4,7953,95620876
2025-07-31,Tamil Nadu,4132,2595,6,8479,81415024
2025-07-31,Uttar Pradesh,3846,3284,10,9454,100290940
2025-07-31,West Bengal,1326,255,1,489,14083214
2025-07-31,Gujarat,4145,1755,1,289,119032450
2025-07-31,Rajasthan,2691,1233,48,5791,7752833
2025-07-31,Bihar,4245,1139,9,9050,107285025
2025-07-31,Kerala,3650,3243,7,7672,79659548
2025-08-01,Maharashtra,3986,3105,33,4003,79073706
2025-08-01,Delhi,1191,1027,42,272,88829172
2025-08-01,Karnataka,2400,236,44,2553,27352935
2025-08-01,Tamil Nadu,3691,2984,38,4351,114500543
2025-08-01,Uttar Pradesh,2181,1314,49,4688,66736903
2025-08-01,West Bengal,4059,2387,42,2089,10056405
2025-08-01,Gujarat,1280,1049,36,6558,111294395
2025-08-01,Rajasthan,1636,1557,36,8837,17585127
2025-08-01,Bihar,4417,900,26,2018,106783014
2025-08-01,Kerala,1583,1260,49,925,28582995
2025-08-02,Maharashtra,1185,255,22,5456,98417184
2025-08-02,Delhi,1506,432,37,8008,42419841
2025-08-02,Karnataka,4496,2695,4,9617,27005047
2025-08-02,Tamil Nadu,343,279,14,9082,116392428
2025-08-02,Uttar Pradesh,345,248,42,8448,112992216
2025-08-02,West Bengal,2812,1308,36,5171,11875664
2025-08-02,Gujarat,4923,1109,35,2737,60506303
2025-08-02,Rajasthan,342,269,15,6589,71123216
2025-08-02,Bihar,145,60,13,2552,87904991
2025-08-02,Kerala,183,167,22,8439,101077824
2025-08-03,Maharashtra,1649,1516,16,9943,98109958
2025-08-03,Delhi,4601,1578,44,6224,107245267
2025-08-03,Karnataka,1897,428,18,6845,92538100
2025-08-03,Tamil Nadu,1110,519,18,99,23916543
2025-08-03,Uttar Pradesh,189,97,39,9898,21033060
2025-08-03,West Bengal,2719,2632,6,8117,34875093
2025-08-03,Gujarat,2432,1151,39,6177,21268890
2025-08-03,Rajasthan,871,656,1,6624,23330454
2025-08-03,Bihar,1129,986,13,4406,109206954
2025-08-03,Kerala,4497,3746,24,1649,28600551
2025-08-04,Maharashtra,3962,2975,25,5859,83475986
2025-08-04,Delhi,4891,4452,8,3751,44258355
2025-08-04,Karnataka,2189,1178,2,9318,23074849
2025-08-04,Tamil Nadu,1064,1015,33,6309,72785368
2025-08-04,Uttar Pradesh,4600,1421,37,1657,5945546
2025-08-04,West Bengal,468,139,11,739,110634397
2025-08-04,Gujarat,4318,2642,15,7115,10823362
2025-08-04,Rajasthan,3919,3037,5,9364,34873097
2025-08-04,Bihar,2901,408,16,6068,52479119
2025-08-04,Kerala,4688,3430,18,8636,48908136
2025-08-05,Maharashtra,3434,490,39,4551,102276086
2025-08-05,Delhi,2733,193,0,3060,24056330
2025-08-05,Karnataka,1394,758,43,2473,66213612
2025-08-05,Tamil Nadu,4493,2697,18,6660,19393526
2025-08-05,Uttar Pradesh,1403,325,29,5570,47776800
2025-08-05,West Bengal,584,337,34,3137,98677183
2025-08-05,Gujarat,4014,3173,45,9840,83986595
2025-08-05,Rajasthan,215,175,41,7496,91507707
2025-08-05,Bihar,3229,420,0,4195,33182547
2025-08-05,Kerala,2921,228,48,5714,114715657
2025-08-06,Maharashtra,4745,898,36,3298,9012167
2025-08-06,Delhi,4342,4341,0,8891,78272625
2025-08-06,Karnataka,2021,1655,23,226,83362191
2025-08-06,Tamil Nadu,3616,1732,49,7921,94880360
2025-08-06,Uttar Pradesh,110,78,41,8057,81188010
2025-08-06,West Bengal,2840,1013,2,3273,109392614
2025-08-06,Gujarat,2640,1427,32,7702,73011860
2025-08-06,Rajasthan,2488,2177,34,3859,91923480
2025-08-06,Bihar,3902,3060,24,731,113940796
2025-08-06,Kerala,1598,1177,33,3456,69998821
2025-08-07,Maharashtra,1139,641,1,2037,119979812
2025-08-07,Delhi,1550,1120,30,8810,55001202
2025-08-07,Karnataka,3171,1737,28,3897,18458210
2025-08-07,Tamil Nadu,4314,264,24,5255,31983273
2025-08-07,Uttar Pradesh,4485,1130,17,3110,49088191
2025-08-07,West Bengal,3978,158,2,6830,22429856
2025-08-07,Gujarat,675,209,19,2060,89506628
2025-08-07,Rajasthan,2650,1473,20,2435,28159766
2025-08-07,Bihar,4139,2836,38,4423,53040271
2025-08-07,Kerala,711,283,43,6957,36545205
2025-08-08,Maharashtra,2556,1393,23,8110,117375861
2025-08-08,Delhi,1903,1605,42,1123,22474102
2025-08-08,Karnataka,4665,268,7,2431,77692789
2025-08-08,Tamil Nadu,4533,183,19,3168,29257308
2025-08-08,Uttar Pradesh,2373,2111,19,9681,1296767
2025-08-08,West Bengal,2564,144,28,5181,81866652
2025-08-08,Gujarat,479,245,14,8839,21369742
2025-08-08,Rajasthan,2616,1432,36,697,52223854
2025-08-08,Bihar,621,292,45,456,14382879
2025-08-08,Kerala,2632,766,5,948,50422346
2025-08-09,Maharashtra,1344,60,26,1198,109926527
2025-08-09,Delhi,3132,2639,5,9204,99331192
2025-08-09,Karnataka,2977,144,43,6526,109075291
2025-08-09,Tamil Nadu,1086,559,0,353,55230919
2025-08-09,Uttar Pradesh,3964,1818,24,6065,8668218
2025-08-09,West Bengal,538,242,45,5878,105712325
2025-08-09,Gujarat,320,196,42,529,42087761
2025-08-09,Rajasthan,2289,300,6,3552,83190024
2025-08-09,Bihar,3224,3185,3,3412,109100877
2025-08-09,Kerala,4598,3524,41,8893,84652937
2025-08-10,Maharashtra,4534,4393,32,27,84869690
2025-08-10,Delhi,4323,540,22,3281,16022007
2025-08-10,Karnataka,3661,3214,31,2325,29818309
2025-08-10,Tamil Nadu,979,769,33,6374,54615859
2025-08-10,Uttar Pradesh,2427,1259,44,5983,68355526
2025-08-10,West Bengal,2632,1626,28,7086,44130067
2025-08-10,Gujarat,1602,342,40,1534,115691798
2025-08-10,Rajasthan,3924,247,27,5058,34661575
2025-08-10,Bihar,1228,496,29,3819,67840545
2025-08-10,Kerala,1750,727,26,9154,87521831
2025-08-11,Maharashtra,1150,1094,16,8961,58611067
2025-08-11,Delhi,3944,2425,42,3058,56731266
2025-08-11,Karnataka,4868,327,29,8470,26989803
2025-08-11,Tamil Nadu,2770,1601,2,7168,63077814
2025-08-11,Uttar Pradesh,1863,405,41,2035,82173358
2025-08-11,West Bengal,4014,136,45,152,57940529
2025-08-11,Gujarat,1741,1585,2,832,35478306
2025-08-11,Rajasthan,891,224,42,805,111655039
2025-08-11,Bihar,240,103,45,7463,35831245
2025-08-11,Kerala,3913,1586,15,9343,41099844
2025-08-12,Maharashtra,468,345,23,2291,14618391
2025-08-12,Delhi,2933,1604,41,9574,55966100
2025-08-12,Karnataka,322,236,42,7182,51820448
2025-08-12,Tamil Nadu,1228,430,48,7617,53428035
2025-08-12,Uttar Pradesh,587,134,49,963,26051318
2025-08-12,West Bengal,1395,1276,36,6445,50711343
2025-08-12,Gujarat,765,569,12,610,78289317
2025-08-12,Rajasthan,3194,2250,49,4805,64894715
2025-08-12,Bihar,3737,1562,16,594,16091313
2025-08-12,Kerala,3122,2780,31,5675,63768908
2025-08-13,Maharashtra,4062,3489,4,2855,93125118
2025-08-13,Delhi,4441,2287,41,2694,27289648
2025-08-13,Karnataka,4790,1295,31,4802,28038748
2025-08-13,Tamil Nadu,2655,635,24,6835,103494527
2025-08-13,Uttar Pradesh,3217,3093,48,5000,72041201
2025-08-13,West Bengal,4737,304,5,7880,87838635
2025-08-13,Gujarat,2230,1565,30,1280,52089053
2025-08-13,Rajasthan,1794,375,17,5882,116146139
2025-08-13,Bihar,1936,732,29,3091,35661900
2025-08-13,Kerala,1802,1392,47,2788,25719819
2025-08-14,Maharashtra,357,90,48,5555,31779192
2025-08-14,Delhi,4996,1819,20,1858,12335173
2025-08-14,Karnataka,3920,765,28,6487,55691964
2025-08-14,Tamil Nadu,2866,1774,3,8922,117808461
2025-08-14,Uttar Pradesh,2666,866,5,8608,106921376
2025-08-14,West Bengal,3671,2652,45,2246,27540254
2025-08-14,Gujarat,998,624,25,7099,59563407
2025-08-14,Rajasthan,3164,1387,3,215,12852542
2025-08-14,Bihar,690,641,45,7221,17748049
2025-08-14,Kerala,2503,395,33,4577,10225904
2025-08-15,Maharashtra,4817,2359,49,9565,52918242
2025-08-15,Delhi,2275,810,32,4187,27686741
2025-08-15,Karnataka,994,239,41,2446,56720181
2025-08-15,Tamil Nadu,4739,2403,47,5610,82837442
2025-08-15,Uttar Pradesh,550,303,35,3528,88678274
2025-08-15,West Bengal,4668,393,1,3597,91626556
2025-08-15,Gujarat,2876,1103,41,8201,35167408
2025-08-15,Rajasthan,2698,393,20,8541,47982286
2025-08-15,Bihar,3605,2903,10,7946,47587847
2025-08-15,Kerala,323,165,0,1030,110850100
2025-08-16,Maharashtra,2642,2330,43,9660,98278532
2025-08-16,Delhi,4444,932,7,7607,4070575
2025-08-16,Karnataka,1342,440,43,9427,50676860
2025-08-16,Tamil Nadu,4785,2498,47,6787,43019628
2025-08-16,Uttar Pradesh,3725,1672,49,2713,52207308
2025-08-16,West Bengal,1181,713,20,1202,22030109
2025-08-16,Gujarat,4821,384,15,8435,53283890
2025-08-16,Rajasthan,3820,1086,45,4819,118949087
2025-08-16,Bihar,3213,1256,14,3564,71141444
2025-08-16,Kerala,3111,1515,43,3563,50025637
2025-08-17,Maharashtra,3010,1498,22,2890,53781107
2025-08-17,Delhi,4794,1568,36,7494,16084585
2025-08-17,Karnataka,1625,1428,6,6149,34876724
2025-08-17,Tamil Nadu,3038,1421,24,7927,90968020
2025-08-17,Uttar Pradesh,4962,2286,14,1933,39731712
2025-08-17,West Bengal,3812,1154,36,6212,97857101
2025-08-17,Gujarat,1493,982,32,7640,6031719
2025-08-17,Rajasthan,2895,2025,47,4994,39560172
2025-08-17,Bihar,3620,604,32,2026,50764142
2025-08-17,Kerala,3403,3064,38,6294,17902789
2025-08-18,Maharashtra,2904,1515,33,7968,99751744
2025-08-18,Delhi,4413,252,26,7000,119909385
2025-08-18,Karnataka,1208,970,15,6299,117740466
2025-08-18,Tamil Nadu,1519,251,33,979,49107793
2025-08-18,Uttar Pradesh,252,167,25,7509,16252350
2025-08-18,West Bengal,4757,4220,9,1295,61351094
2025-08-18,Gujarat,1887,1331,30,1436,64469272
2025-08-18,Rajasthan,3266,2081,35,402,37079595
2025-08-18,Bihar,202,132,20,6833,55984428
2025-08-18,Kerala,1738,963,24,4653,96496638
2025-08-19,Maharashtra,2596,2356,0,5420,2873200
2025-08-19,Delhi,2841,2313,48,7851,70000555
2025-08-19,Karnataka,1294,1275,26,3715,3604855
2025-08-19,Tamil Nadu,1638,291,27,5586,75139104
2025-08-19,Uttar Pradesh,1985,209,45,4646,105266072
2025-08-19,West Bengal,257,154,18,4258,26459390
2025-08-19,Gujarat,4937,4816,1,1208,37179629
2025-08-19,Rajasthan,3319,3077,44,9285,57761957
2025-08-19,Bihar,1577,867,38,4052,119360835
2025-08-19,Kerala,2603,471,14,1135,100033744
2025-08-20,Maharashtra,2240,1739,43,2853,15016562
2025-08-20,Delhi,2742,585,8,2076,106690047
2025-08-20,Karnataka,2118,1023,26,9485,40356384
2025-08-20,Tamil Nadu,4391,296,0,9709,61554974
2025-08-20,Uttar Pradesh,836,557,32,6327,6331553
2025-08-20,West Bengal,1066,123,23,6662,105554473
2025-08-20,Gujarat,4521,274,0,7810,22045247
2025-08-20,Rajasthan,4110,3926,49,5485,50948017
2025-08-20,Bihar,1386,536,37,4517,100548172
2025-08-20,Kerala,4281,626,16,614,59818040
2025-08-21,Maharashtra,4103,181,17,2167,67007814
2025-08-21,Delhi,2361,2100,21,9028,101222266
2025-08-21,Karnataka,3752,95,23,9013,26548646
2025-08-21,Tamil Nadu,1079,772,34,1316,44776900
2025-08-21,Uttar Pradesh,4873,302,38,1199,84481703
2025-08-21,West Bengal,1773,429,26,7972,28904232
2025-08-21,Gujarat,136,69,30,889,105779114
2025-08-21,Rajasthan,1198,818,43,4193,116813690
2025-08-21,Bihar,2416,1534,23,2455,34183455
2025-08-21,Kerala,1250,176,19,386,2504820
2025-08-22,Maharashtra,1126,825,29,5782,93464064
2025-08-22,Delhi,786,549,0,9128,113296366
2025-08-22,Karnataka,198,107,35,3673,29097018
2025-08-22,Tamil Nadu,3668,1169,37,7025,7207442
2025-08-22,Uttar Pradesh,1807,1027,12,5831,86168503
2025-08-22,West Bengal,4637,1728,40,4114,73721109
2025-08-22,Gujarat,2676,2583,46,5226,95553717
2025-08-22,Rajasthan,3608,1694,24,3419,98590973
2025-08-22,Bihar,1242,981,23,8968,92319402
2025-08-22,Kerala,2373,176,9,2658,34198633
2025-08-23,Maharashtra,1402,572,39,1869,72855229
2025-08-23,Delhi,1752,1449,7,7013,24183706
2025-08-23,Karnataka,1155,273,26,8647,64328744
2025-08-23,Tamil Nadu,4021,2036,48,9559,66238788
2025-08-23,Uttar Pradesh,112,107,17,3604,14589257
2025-08-23,West Bengal,2747,1981,9,444,4597568
2025-08-23,Gujarat,432,326,49,7096,7772727
2025-08-23,Rajasthan,4215,3673,39,8479,60735419
2025-08-23,Bihar,4215,2705,25,805,25616827
2025-08-23,Kerala,4651,2092,35,6335,18555684
2025-08-24,Maharashtra,3872,1382,1,8735,21107808
2025-08-24,Delhi,2480,2100,17,8886,14594382
2025-08-24,Karnataka,2077,1733,22,4119,78303054
2025-08-24,Tamil Nadu,4729,2710,24,7590,64006715
2025-08-24,Uttar Pradesh,696,457,45,830,38210828
2025-08-24,West Bengal,3123,1596,9,4276,30843276
2025-08-24,Gujarat,1961,1072,3,8704,11198178
2025-08-24,Rajasthan,1283,412,36,9434,65659783
2025-08-24,Bihar,1887,1234,29,927,73072512
2025-08-24,Kerala,3762,880,35,2399,25230934
2025-08-25,Maharashtra,4334,3767,44,3001,109788648
2025-08-25,Delhi,1777,759,4,5463,19984118
2025-08-25,Karnataka,2591,1398,9,620,106459237
2025-08-25,Tamil Nadu,3450,2292,32,5639,8135943
2025-08-25,Uttar Pradesh,392,93,49,5775,41366724
2025-08-25,West Bengal,3704,2725,15,5975,16067881
2025-08-25,Gujarat,3751,397,17,3950,103381718
2025-08-25,Rajasthan,4878,4232,42,9398,47800718
2025-08-25,Bihar,486,111,45,5704,66501140
2025-08-25,Kerala,2189,217,21,8006,107069892
2025-08-26,Maharashtra,4575,1168,30,3686,37705550
2025-08-26,Delhi,3538,1256,45,7205,61146998
2025-08-26,Karnataka,4080,1859,32,8972,101713387
2025-08-26,Tamil Nadu,4405,1253,25,4800,17992724
2025-08-26,Uttar Pradesh,1971,1178,2,3206,81982327
2025-08-26,West Bengal,275,112,0,9091,61389675
2025-08-26,Gujarat,1735,1163,22,378,78681936
2025-08-26,Rajasthan,1878,1351,36,8156,88195193
2025-08-26,Bihar,2349,998,20,3084,88880675
2025-08-26,Kerala,2005,179,20,3886,32450609
2025-08-27,Maharashtra,1961,410,5,5534,76761954
2025-08-27,Delhi,4041,3774,14,3852,24934490
2025-08-27,Karnataka,306,123,41,2331,70885061
2025-08-27,Tamil Nadu,1818,765,32,5349,111652781
2025-08-27,Uttar Pradesh,2687,756,10,8734,104624931
2025-08-27,West Bengal,3192,1419,45,8684,4275468
2025-08-27,Gujarat,4443,1206,27,2719,108837692
2025-08-27,Rajasthan,4008,1553,7,933,32315631
2025-08-27,Bihar,2646,461,7,4471,87572110
2025-08-27,Kerala,1893,1413,35,4674,84858830
2025-08-28,Maharashtra,3362,1144,18,8652,67973995
2025-08-28,Delhi,770,128,34,1446,85741378
2025-08-28,Karnataka,1837,975,9,2431,51950462
2025-08-28,Tamil Nadu,543,102,34,1000,11027588
2025-08-28,Uttar Pradesh,3062,1477,25,6110,106331473
2025-08-28,West Bengal,864,165,24,9313,102971317
2025-08-28,Gujarat,559,461,28,2483,41625648
2025-08-28,Rajasthan,656,63,29,4319,67496927
2025-08-28,Bihar,3908,363,29,2182,48158757
2025-08-28,Kerala,3258,772,32,2281,99650125
2025-08-29,Maharashtra,4393,1645,14,6509,70019695
2025-08-29,Delhi,3435,301,48,4297,27641168
2025-08-29,Karnataka,1684,1511,49,8371,20934885
2025-08-29,Tamil Nadu,2136,781,36,7408,79486463
2025-08-29,Uttar Pradesh,1516,313,33,6967,29689422
2025-08-29,West Bengal,1143,62,0,9624,8963627
2025-08-29,Gujarat,900,330,38,7902,84288875
2025-08-29,Rajasthan,4620,3553,19,9221,19327215
2025-08-29,Bihar,3135,469,16,5501,40952519
2025-08-29,Kerala,1489,300,42,4088,54815526
2025-08-30,Maharashtra,941,252,34,5275,72709955
2025-08-30,Delhi,156,82,44,516,92920969
2025-08-30,Karnataka,1190,54,45,3177,34367770
2025-08-30,Tamil Nadu,667,637,39,3442,89593623
2025-08-30,Uttar Pradesh,3859,2312,13,6026,1465076
2025-08-30,West Bengal,1747,824,12,9306,106667092
2025-08-30,Gujarat,2406,1415,18,695,77478980
2025-08-30,Rajasthan,3857,2735,48,93,115082986
2025-08-30,Bihar,704,64,9,1134,52899961
2025-08-30,Kerala,4266,4175,4,7666,69141395
2025-08-31,Maharashtra,3874,1748,42,6829,100868058
2025-08-31,Delhi,3513,2134,3,2290,99271085
2025-08-31,Karnataka,1988,653,42,1626,66669776
2025-08-31,Tamil Nadu,1187,738,29,9038,78878834
2025-08-31,Uttar Pradesh,811,277,16,1113,16658493
2025-08-31,West Bengal,1215,841,44,4115,86988815
2025-08-31,Gujarat,1365,692,44,2052,17253714
2025-08-31,Rajasthan,3961,1448,38,4799,77739150
2025-08-31,Bihar,2909,1674,39,9363,44029633
2025-08-31,Kerala,1786,1225,29,9254,77649163
2025-09-01,Maharashtra,1772,588,4,3199,50877155
2025-09-01,Delhi,2530,972,49,4342,38068685
2025-09-01,Karnataka,3872,2705,39,779,17049381
2025-09-01,Tamil Nadu,3638,991,26,2203,95707199
2025-09-01,Uttar Pradesh,4525,1530,13,6590,112810930
2025-09-01,West Bengal,1593,1181,36,8101,7723776
2025-09-01,Gujarat,3333,2471,18,6315,79975225
2025-09-01,Rajasthan,4199,890,31,658,28195541
2025-09-01,Bihar,2053,1622,45,9159,62571111
2025-09-01,Kerala,1602,454,8,5850,85021804
2025-09-02,Maharashtra,893,267,21,6362,69362259
2025-09-02,Delhi,1469,559,47,6793,71635930
2025-09-02,Karnataka,4009,842,14,6676,28672115
2025-09-02,Tamil Nadu,2309,2197,13,5772,46919056
2025-09-02,Uttar Pradesh,2912,599,14,6570,83414743
2025-09-02,West Bengal,883,302,7,2787,81811750
2025-09-02,Gujarat,2844,1082,35,5707,69898724
2025-09-02,Rajasthan,1651,298,7,4463,110545870
2025-09-02,Bihar,3430,598,31,7202,50848175
2025-09-02,Kerala,1200,480,24,4712,72170995
2025-09-03,Maharashtra,431,152,35,967,66197581
2025-09-03,Delhi,2879,1898,5,764,10078681
2025-09-03,Karnataka,3781,386,7,8602,113003814
2025-09-03,Tamil Nadu,862,336,3,8068,38998668
2025-09-03,Uttar Pradesh,2599,509,23,4807,117092725
2025-09-03,West Bengal,3798,547,5,5157,47251610
2025-09-03,Gujarat,2171,2021,0,4967,40915813
2025-09-03,Rajasthan,2882,2818,40,3746,67138018
2025-09-03,Bihar,3836,2987,37,6155,71979308
2025-09-03,Kerala,1133,296,20,569,118941933
2025-09-04,Maharashtra,3839,2038,25,5794,1618591
2025-09-04,Delhi,1036,678,9,7517,13156182
2025-09-04,Karnataka,1290,879,20,761,109311979
2025-09-04,Tamil Nadu,673,322,15,2641,107340497
2025-09-04,Uttar Pradesh,3450,2371,19,3373,104789958
2025-09-04,West Bengal,1119,974,22,7305,13393861
2025-09-04,Gujarat,886,770,41,476,22506568
2025-09-04,Rajasthan,3432,564,8,9989,18468873
2025-09-04,Bihar,2917,2836,26,7983,19023794
2025-09-04,Kerala,3307,2225,12,6408,15827668
2025-09-05,Maharashtra,2144,1890,4,6470,105661202
2025-09-05,Delhi,2792,2699,46,268,73402638
2025-09-05,Karnataka,1278,337,31,3116,26922011
2025-09-05,Tamil Nadu,3547,685,39,3495,91452769
2025-09-05,Uttar Pradesh,3055,1745,11,7871,68073519
2025-09-05,West Bengal,4261,2200,13,6031,86368702
2025-09-05,Gujarat,1582,161,5,5885,10029352
2025-09-05,Rajasthan,4571,332,9,7529,91706641
2025-09-05,Bihar,2638,2261,37,848,3720194
2025-09-05,Kerala,920,471,42,2158,118011285
2025-09-06,Maharashtra,2766,2528,5,8336,23052458
2025-09-06,Delhi,4114,2858,22,8563,94367282
2025-09-06,Karnataka,3511,1142,24,6345,105064914
2025-09-06,Tamil Nadu,4231,3836,46,2137,8563299
2025-09-06,Uttar Pradesh,3575,2858,39,4196,106380065
2025-09-06,West Bengal,3471,2261,25,7582,59966044
2025-09-06,Gujarat,3942,1142,16,6687,91248619
2025-09-06,Rajasthan,3420,2012,20,7673,102298674
2025-09-06,Bihar,1475,709,48,3348,63337465
2025-09-06,Kerala,450,295,2,4635,86736415
2025-09-07,Maharashtra,3295,3209,26,7213,47452497
2025-09-07,Delhi,4174,679,39,7445,114187667
2025-09-07,Karnataka,4101,1557,41,9246,48027648
2025-09-07,Tamil Nadu,3911,1886,5,4954,46907787
2025-09-07,Uttar Pradesh,4381,4266,23,8235,38451683
2025-09-07,West Bengal,4699,4688,20,2301,12264940
2025-09-07,Gujarat,1098,730,36,2047,98464700
2025-09-07,Rajasthan,1159,180,6,9549,110445323
2025-09-07,Bihar,4175,3411,9,399,78864363
2025-09-07,Kerala,1795,1771,28,8601,89199583
2025-09-08,Maharashtra,1629,1026,45,8053,24117269
2025-09-08,Delhi,3175,139,14,6063,54982122
2025-09-08,Karnataka,1993,1405,13,1442,20422430
2025-09-08,Tamil Nadu,2230,1380,38,9285,28918310
2025-09-08,Uttar Pradesh,1991,599,21,5851,40237242
2025-09-08,West Bengal,4218,2333,46,324,19943631
2025-09-08,Gujarat,1086,856,33,6254,99069867
2025-09-08,Rajasthan,782,596,1,5621,10680424
2025-09-08,Bihar,1540,620,32,5346,67926951
2025-09-08,Kerala,3498,925,26,187,15415443
