Updated On,State,Total Doses Administered,People Vaccinated,People Fully Vaccinated
<<<<<<< HEAD
=======
<<<<<<< HEAD
>>>>>>> 92f41e7c7f0f8b8bdf363bd8d147bbadd04745e5
2025-06-01,Maharashtra,8608,1288,661
2025-06-01,Delhi,5221,3536,2990
2025-06-01,Karnataka,9183,1443,252
2025-06-01,Tamil Nadu,7111,4065,2288
2025-06-01,Uttar Pradesh,1604,1302,984
2025-06-01,West Bengal,7454,938,884
2025-06-01,Gujarat,1483,4266,3583
2025-06-01,Rajasthan,9899,3366,1658
2025-06-01,Bihar,4514,696,543
2025-06-01,Kerala,976,626,281
2025-06-02,Maharashtra,9140,1602,373
2025-06-02,Delhi,5904,3499,2551
2025-06-02,Karnataka,1826,2298,802
2025-06-02,Tamil Nadu,4495,3387,2938
2025-06-02,Uttar Pradesh,8185,3852,2694
2025-06-02,West Bengal,8158,3896,1173
2025-06-02,Gujarat,8405,4866,1165
2025-06-02,Rajasthan,2821,501,475
2025-06-02,Bihar,9175,1383,1050
2025-06-02,Kerala,9055,412,328
2025-06-03,Maharashtra,5286,1719,1368
2025-06-03,Delhi,1907,3822,3354
2025-06-03,Karnataka,7939,3769,2587
2025-06-03,Tamil Nadu,4862,3679,3245
2025-06-03,Uttar Pradesh,1651,3600,1559
2025-06-03,West Bengal,1599,1734,1062
2025-06-03,Gujarat,3612,584,217
2025-06-03,Rajasthan,6322,2599,1878
2025-06-03,Bihar,6117,1852,1432
2025-06-03,Kerala,9295,3983,2977
2025-06-04,Maharashtra,4611,3778,540
2025-06-04,Delhi,7953,3066,226
2025-06-04,Karnataka,9465,1692,1537
2025-06-04,Tamil Nadu,2342,2608,357
2025-06-04,Uttar Pradesh,3567,3952,3911
2025-06-04,West Bengal,2698,2327,1235
2025-06-04,Gujarat,8965,820,411
2025-06-04,Rajasthan,6129,3099,955
2025-06-04,Bihar,4936,2383,1374
2025-06-04,Kerala,9952,265,94
2025-06-05,Maharashtra,9643,563,211
2025-06-05,Delhi,5160,507,196
2025-06-05,Karnataka,6673,570,15
2025-06-05,Tamil Nadu,6059,962,578
2025-06-05,Uttar Pradesh,8,1359,485
2025-06-05,West Bengal,1024,3253,1639
2025-06-05,Gujarat,9020,2422,944
2025-06-05,Rajasthan,4064,347,248
2025-06-05,Bihar,5206,3997,3807
2025-06-05,Kerala,744,484,268
2025-06-06,Maharashtra,5517,1605,634
2025-06-06,Delhi,355,1706,95
2025-06-06,Karnataka,5502,2506,1237
2025-06-06,Tamil Nadu,4930,4254,3638
2025-06-06,Uttar Pradesh,2990,4977,1683
2025-06-06,West Bengal,2979,963,726
2025-06-06,Gujarat,72,559,73
2025-06-06,Rajasthan,800,3495,3016
2025-06-06,Bihar,6465,277,118
2025-06-06,Kerala,5315,4026,1143
2025-06-07,Maharashtra,3992,2901,2291
2025-06-07,Delhi,7479,1904,1260
2025-06-07,Karnataka,2008,266,32
2025-06-07,Tamil Nadu,595,3603,1537
2025-06-07,Uttar Pradesh,6850,3395,692
2025-06-07,West Bengal,3868,1276,1176
2025-06-07,Gujarat,1172,1831,560
2025-06-07,Rajasthan,4235,1189,950
2025-06-07,Bihar,6013,3916,1947
2025-06-07,Kerala,4553,2646,536
2025-06-08,Maharashtra,9127,2723,582
2025-06-08,Delhi,4142,1700,1179
2025-06-08,Karnataka,3852,3701,1855
2025-06-08,Tamil Nadu,5353,1608,1455
2025-06-08,Uttar Pradesh,5022,1756,1604
2025-06-08,West Bengal,5513,1800,37
2025-06-08,Gujarat,393,3666,1163
2025-06-08,Rajasthan,7640,4572,1869
2025-06-08,Bihar,6244,274,267
2025-06-08,Kerala,1072,1237,1066
2025-06-09,Maharashtra,6287,1508,532
2025-06-09,Delhi,2278,3329,2435
2025-06-09,Karnataka,1903,927,417
2025-06-09,Tamil Nadu,3613,401,178
2025-06-09,Uttar Pradesh,1650,2283,107
2025-06-09,West Bengal,1108,3918,2128
2025-06-09,Gujarat,9335,660,289
2025-06-09,Rajasthan,4659,380,137
2025-06-09,Bihar,3228,856,319
2025-06-09,Kerala,8508,2853,953
2025-06-10,Maharashtra,8255,4713,3210
2025-06-10,Delhi,6813,2540,2066
2025-06-10,Karnataka,6555,648,308
2025-06-10,Tamil Nadu,6446,396,139
2025-06-10,Uttar Pradesh,9682,4339,4269
2025-06-10,West Bengal,1978,3019,1392
2025-06-10,Gujarat,602,4682,2854
2025-06-10,Rajasthan,6043,795,586
2025-06-10,Bihar,7441,4544,4146
2025-06-10,Kerala,6684,2363,2354
2025-06-11,Maharashtra,9139,140,47
2025-06-11,Delhi,5741,689,418
2025-06-11,Karnataka,2489,2545,1551
2025-06-11,Tamil Nadu,7040,4929,3579
2025-06-11,Uttar Pradesh,7984,4925,1813
2025-06-11,West Bengal,7311,4890,3342
2025-06-11,Gujarat,9633,2587,1432
2025-06-11,Rajasthan,3435,1405,694
2025-06-11,Bihar,6536,1142,467
2025-06-11,Kerala,4046,4202,2605
2025-06-12,Maharashtra,3270,3597,47
2025-06-12,Delhi,1895,1660,719
2025-06-12,Karnataka,9333,3474,604
2025-06-12,Tamil Nadu,9514,908,628
2025-06-12,Uttar Pradesh,994,2850,838
2025-06-12,West Bengal,1777,3518,173
2025-06-12,Gujarat,4005,2751,254
2025-06-12,Rajasthan,8114,4465,2220
2025-06-12,Bihar,5833,4243,616
2025-06-12,Kerala,6861,3262,2872
2025-06-13,Maharashtra,4962,270,29
2025-06-13,Delhi,1127,1547,1028
2025-06-13,Karnataka,7738,3578,339
2025-06-13,Tamil Nadu,3247,2817,885
2025-06-13,Uttar Pradesh,5061,3827,385
2025-06-13,West Bengal,3969,1970,659
2025-06-13,Gujarat,2706,1462,509
2025-06-13,Rajasthan,7640,4591,390
2025-06-13,Bihar,3599,4614,2287
2025-06-13,Kerala,606,2258,530
2025-06-14,Maharashtra,5247,4063,1309
2025-06-14,Delhi,3857,4418,2205
2025-06-14,Karnataka,9075,4094,2839
2025-06-14,Tamil Nadu,8770,668,135
2025-06-14,Uttar Pradesh,4695,4819,3885
2025-06-14,West Bengal,2602,1620,879
2025-06-14,Gujarat,5962,4000,3120
2025-06-14,Rajasthan,8629,2907,453
2025-06-14,Bihar,1428,2576,1821
2025-06-14,Kerala,3494,3602,3035
2025-06-15,Maharashtra,5137,823,343
2025-06-15,Delhi,4785,4529,2308
2025-06-15,Karnataka,9797,4502,2765
2025-06-15,Tamil Nadu,4071,1508,749
2025-06-15,Uttar Pradesh,4751,4101,631
2025-06-15,West Bengal,5494,3010,82
2025-06-15,Gujarat,4457,1951,1886
2025-06-15,Rajasthan,2114,4681,1345
2025-06-15,Bihar,9950,2445,2230
2025-06-15,Kerala,525,1972,1890
2025-06-16,Maharashtra,6909,2017,1366
2025-06-16,Delhi,9898,3677,412
2025-06-16,Karnataka,2885,4417,3449
2025-06-16,Tamil Nadu,7034,2208,929
2025-06-16,Uttar Pradesh,7947,2078,1372
2025-06-16,West Bengal,9860,345,232
2025-06-16,Gujarat,1471,4138,3481
2025-06-16,Rajasthan,1499,2953,223
2025-06-16,Bihar,9152,3844,1598
2025-06-16,Kerala,8351,312,159
2025-06-17,Maharashtra,1683,2060,1706
2025-06-17,Delhi,4051,3258,2831
2025-06-17,Karnataka,9044,3627,2881
2025-06-17,Tamil Nadu,3171,2309,1749
2025-06-17,Uttar Pradesh,7249,560,247
2025-06-17,West Bengal,585,3090,1594
2025-06-17,Gujarat,4936,3296,2941
2025-06-17,Rajasthan,4516,4172,4032
2025-06-17,Bihar,7381,3476,2022
2025-06-17,Kerala,853,744,456
2025-06-18,Maharashtra,5365,3608,1393
2025-06-18,Delhi,6266,1987,436
2025-06-18,Karnataka,6452,1608,343
2025-06-18,Tamil Nadu,7905,3276,933
2025-06-18,Uttar Pradesh,3212,3086,2831
2025-06-18,West Bengal,4111,4872,3399
2025-06-18,Gujarat,4487,1707,1398
2025-06-18,Rajasthan,7087,3937,3897
2025-06-18,Bihar,2870,3298,388
2025-06-18,Kerala,6131,1024,694
2025-06-19,Maharashtra,2368,4616,1221
2025-06-19,Delhi,2719,3322,706
2025-06-19,Karnataka,157,2416,957
2025-06-19,Tamil Nadu,1869,885,597
2025-06-19,Uttar Pradesh,4196,155,8
2025-06-19,West Bengal,2664,3603,3112
2025-06-19,Gujarat,6188,1401,241
2025-06-19,Rajasthan,7011,1714,1686
2025-06-19,Bihar,2184,4780,1663
2025-06-19,Kerala,2186,1899,1401
2025-06-20,Maharashtra,3521,706,538
2025-06-20,Delhi,1935,1284,1100
2025-06-20,Karnataka,3853,3135,1364
2025-06-20,Tamil Nadu,9192,4284,3672
2025-06-20,Uttar Pradesh,5343,4539,4195
2025-06-20,West Bengal,2823,3941,878
2025-06-20,Gujarat,1410,2651,1373
2025-06-20,Rajasthan,9710,4268,3277
2025-06-20,Bihar,5217,4238,211
2025-06-20,Kerala,7995,1017,417
2025-06-21,Maharashtra,6990,2874,1215
2025-06-21,Delhi,1298,1980,1090
2025-06-21,Karnataka,1778,1553,453
2025-06-21,Tamil Nadu,4460,1441,127
2025-06-21,Uttar Pradesh,7960,1034,551
2025-06-21,West Bengal,5993,3354,1798
2025-06-21,Gujarat,5277,4824,238
2025-06-21,Rajasthan,3651,1434,1188
2025-06-21,Bihar,4552,2439,1860
2025-06-21,Kerala,9035,551,199
2025-06-22,Maharashtra,513,1834,544
2025-06-22,Delhi,5336,2129,325
2025-06-22,Karnataka,9793,949,448
2025-06-22,Tamil Nadu,8264,2475,1157
2025-06-22,Uttar Pradesh,2687,2068,1095
2025-06-22,West Bengal,9632,453,23
2025-06-22,Gujarat,5390,3105,853
2025-06-22,Rajasthan,5145,4981,4891
2025-06-22,Bihar,7600,2357,253
2025-06-22,Kerala,748,1045,182
2025-06-23,Maharashtra,9514,4834,235
2025-06-23,Delhi,3499,145,74
2025-06-23,Karnataka,8463,3586,2100
2025-06-23,Tamil Nadu,1144,3880,3831
2025-06-23,Uttar Pradesh,7136,1374,703
2025-06-23,West Bengal,2361,4097,1141
2025-06-23,Gujarat,4078,1720,393
2025-06-23,Rajasthan,6654,2215,1996
2025-06-23,Bihar,5584,197,121
2025-06-23,Kerala,855,1366,198
2025-06-24,Maharashtra,5532,13,1
2025-06-24,Delhi,9368,1325,562
2025-06-24,Karnataka,8362,2055,443
2025-06-24,Tamil Nadu,9597,3587,1157
2025-06-24,Uttar Pradesh,3971,2229,309
2025-06-24,West Bengal,9118,4968,1261
2025-06-24,Gujarat,5324,2958,876
2025-06-24,Rajasthan,5900,4801,4699
2025-06-24,Bihar,750,3456,2030
2025-06-24,Kerala,6253,1143,792
2025-06-25,Maharashtra,1807,3354,2509
2025-06-25,Delhi,2702,2103,345
2025-06-25,Karnataka,8296,2561,2152
2025-06-25,Tamil Nadu,587,193,191
2025-06-25,Uttar Pradesh,3562,4414,2066
2025-06-25,West Bengal,5738,4783,3067
2025-06-25,Gujarat,9025,1745,1136
2025-06-25,Rajasthan,2554,2181,739
2025-06-25,Bihar,5515,4613,3431
2025-06-25,Kerala,2083,1191,1096
2025-06-26,Maharashtra,738,3329,1412
2025-06-26,Delhi,3751,1286,1216
2025-06-26,Karnataka,4674,273,217
2025-06-26,Tamil Nadu,6603,688,454
2025-06-26,Uttar Pradesh,7826,519,108
2025-06-26,West Bengal,2403,1174,38
2025-06-26,Gujarat,7384,1093,636
2025-06-26,Rajasthan,8688,4546,37
2025-06-26,Bihar,349,84,68
2025-06-26,Kerala,6143,1811,1056
2025-06-27,Maharashtra,9377,347,301
2025-06-27,Delhi,4717,4839,4377
2025-06-27,Karnataka,8899,2712,2656
2025-06-27,Tamil Nadu,2172,2964,255
2025-06-27,Uttar Pradesh,1430,2801,246
2025-06-27,West Bengal,4338,4672,1485
2025-06-27,Gujarat,7937,3367,1064
2025-06-27,Rajasthan,1001,2754,64
2025-06-27,Bihar,2353,4001,786
2025-06-27,Kerala,5730,2554,1728
2025-06-28,Maharashtra,1374,943,928
2025-06-28,Delhi,2906,4558,2440
2025-06-28,Karnataka,8535,566,67
2025-06-28,Tamil Nadu,5316,2957,1058
2025-06-28,Uttar Pradesh,2467,2261,1005
2025-06-28,West Bengal,1668,3833,1861
2025-06-28,Gujarat,1143,3124,2194
2025-06-28,Rajasthan,6867,3108,2662
2025-06-28,Bihar,4165,1856,1497
2025-06-28,Kerala,1928,3473,2147
2025-06-29,Maharashtra,5687,353,325
2025-06-29,Delhi,8019,4958,560
2025-06-29,Karnataka,2457,2566,120
2025-06-29,Tamil Nadu,7137,3520,1585
2025-06-29,Uttar Pradesh,8473,4010,3669
2025-06-29,West Bengal,5881,4352,1587
2025-06-29,Gujarat,43,1953,340
2025-06-29,Rajasthan,8612,3957,620
2025-06-29,Bihar,523,4720,3040
2025-06-29,Kerala,1685,4426,3205
2025-06-30,Maharashtra,4407,1052,760
2025-06-30,Delhi,844,4460,4126
2025-06-30,Karnataka,5283,3513,3368
2025-06-30,Tamil Nadu,1974,4891,4044
2025-06-30,Uttar Pradesh,4894,4494,2856
2025-06-30,West Bengal,8629,641,438
2025-06-30,Gujarat,9225,4166,2634
2025-06-30,Rajasthan,1711,3996,2082
2025-06-30,Bihar,9853,2377,703
2025-06-30,Kerala,38,885,694
2025-07-01,Maharashtra,7858,624,124
2025-07-01,Delhi,4382,841,26
2025-07-01,Karnataka,3912,2244,2105
2025-07-01,Tamil Nadu,1422,3847,3585
2025-07-01,Uttar Pradesh,3730,1001,562
2025-07-01,West Bengal,9812,3513,3450
2025-07-01,Gujarat,9292,1882,880
2025-07-01,Rajasthan,9763,967,404
2025-07-01,Bihar,9012,3129,1501
2025-07-01,Kerala,5662,3895,597
2025-07-02,Maharashtra,2275,4328,1614
2025-07-02,Delhi,1617,4724,4107
2025-07-02,Karnataka,5064,3549,3049
2025-07-02,Tamil Nadu,2759,3548,2676
2025-07-02,Uttar Pradesh,331,3041,993
2025-07-02,West Bengal,9457,2036,769
2025-07-02,Gujarat,8517,3735,2405
2025-07-02,Rajasthan,4088,4416,2880
2025-07-02,Bihar,3962,3536,145
2025-07-02,Kerala,1099,570,435
2025-07-03,Maharashtra,1753,2200,510
2025-07-03,Delhi,9957,4211,2840
2025-07-03,Karnataka,2520,1790,980
2025-07-03,Tamil Nadu,2181,1097,1093
2025-07-03,Uttar Pradesh,4346,2406,148
2025-07-03,West Bengal,3749,23,1
2025-07-03,Gujarat,9201,1527,1475
2025-07-03,Rajasthan,6531,1110,834
2025-07-03,Bihar,4950,2080,911
2025-07-03,Kerala,5866,3937,403
2025-07-04,Maharashtra,8959,3150,1484
2025-07-04,Delhi,9652,305,146
2025-07-04,Karnataka,6898,233,5
2025-07-04,Tamil Nadu,4332,3427,1531
2025-07-04,Uttar Pradesh,2980,2864,1747
2025-07-04,West Bengal,5227,2120,1949
2025-07-04,Gujarat,3347,2516,1280
2025-07-04,Rajasthan,2677,303,108
2025-07-04,Bihar,9575,4136,3292
2025-07-04,Kerala,8162,1321,367
2025-07-05,Maharashtra,8154,2550,1609
2025-07-05,Delhi,4763,2396,2289
2025-07-05,Karnataka,5579,3783,3137
2025-07-05,Tamil Nadu,977,1535,210
2025-07-05,Uttar Pradesh,4145,1172,887
2025-07-05,West Bengal,8143,491,200
2025-07-05,Gujarat,1698,1256,518
2025-07-05,Rajasthan,2915,2738,308
2025-07-05,Bihar,316,454,137
2025-07-05,Kerala,239,961,263
2025-07-06,Maharashtra,3059,3585,2822
2025-07-06,Delhi,1647,1980,382
2025-07-06,Karnataka,7508,1951,767
2025-07-06,Tamil Nadu,540,233,1
2025-07-06,Uttar Pradesh,5695,923,462
2025-07-06,West Bengal,8620,2595,2221
2025-07-06,Gujarat,4943,3660,316
2025-07-06,Rajasthan,8944,3559,2773
2025-07-06,Bihar,2642,1045,825
2025-07-06,Kerala,3104,4347,2215
2025-07-07,Maharashtra,5561,137,10
2025-07-07,Delhi,5847,4431,3610
2025-07-07,Karnataka,3736,305,296
2025-07-07,Tamil Nadu,6321,1383,544
2025-07-07,Uttar Pradesh,7418,3808,303
2025-07-07,West Bengal,4826,2857,1851
2025-07-07,Gujarat,4504,2324,34
2025-07-07,Rajasthan,7696,1549,1383
2025-07-07,Bihar,9494,4946,2776
2025-07-07,Kerala,5012,3412,2532
2025-07-08,Maharashtra,7207,1703,1610
2025-07-08,Delhi,2464,2812,1334
2025-07-08,Karnataka,1575,4501,380
2025-07-08,Tamil Nadu,3595,558,463
2025-07-08,Uttar Pradesh,9455,293,102
2025-07-08,West Bengal,1378,1332,337
2025-07-08,Gujarat,1231,2984,163
2025-07-08,Rajasthan,6671,3673,799
2025-07-08,Bihar,4315,2797,1486
2025-07-08,Kerala,7335,434,236
2025-07-09,Maharashtra,6282,4676,1146
2025-07-09,Delhi,6846,1146,954
2025-07-09,Karnataka,495,2088,202
2025-07-09,Tamil Nadu,7737,4776,4438
2025-07-09,Uttar Pradesh,4547,2010,510
2025-07-09,West Bengal,354,2749,1942
2025-07-09,Gujarat,1649,4847,3448
2025-07-09,Rajasthan,4850,1933,1153
2025-07-09,Bihar,2093,2533,2147
2025-07-09,Kerala,1312,4151,1221
2025-07-10,Maharashtra,7141,840,804
2025-07-10,Delhi,4864,1225,1
2025-07-10,Karnataka,5321,4699,2764
2025-07-10,Tamil Nadu,7898,4876,2967
2025-07-10,Uttar Pradesh,85,53,21
2025-07-10,West Bengal,2634,585,20
2025-07-10,Gujarat,2681,1195,189
2025-07-10,Rajasthan,3139,1736,798
2025-07-10,Bihar,9898,2505,1895
2025-07-10,Kerala,6128,547,87
2025-07-11,Maharashtra,9366,1262,723
2025-07-11,Delhi,6563,728,23
2025-07-11,Karnataka,3968,3598,2790
2025-07-11,Tamil Nadu,5664,85,36
2025-07-11,Uttar Pradesh,8900,3028,470
2025-07-11,West Bengal,85,3678,3128
2025-07-11,Gujarat,1886,2859,2282
2025-07-11,Rajasthan,3210,385,257
2025-07-11,Bihar,3175,2819,2259
2025-07-11,Kerala,2264,1769,562
2025-07-12,Maharashtra,4129,2567,94
2025-07-12,Delhi,5131,4505,3122
2025-07-12,Karnataka,1729,1121,689
2025-07-12,Tamil Nadu,8771,1635,1521
2025-07-12,Uttar Pradesh,7477,4954,2387
2025-07-12,West Bengal,4784,3415,2759
2025-07-12,Gujarat,9101,3395,1817
2025-07-12,Rajasthan,1108,521,231
2025-07-12,Bihar,5955,3337,3165
2025-07-12,Kerala,119,1406,312
2025-07-13,Maharashtra,7867,210,144
2025-07-13,Delhi,7899,1941,1345
2025-07-13,Karnataka,5850,822,59
2025-07-13,Tamil Nadu,6632,4584,2990
2025-07-13,Uttar Pradesh,8800,2830,2650
2025-07-13,West Bengal,7443,2169,131
2025-07-13,Gujarat,4486,2695,2468
2025-07-13,Rajasthan,1460,3162,3084
2025-07-13,Bihar,2867,4027,2503
2025-07-13,Kerala,1519,223,192
2025-07-14,Maharashtra,1377,3595,1770
2025-07-14,Delhi,9744,1255,923
2025-07-14,Karnataka,880,2543,2289
2025-07-14,Tamil Nadu,8655,1854,215
2025-07-14,Uttar Pradesh,1483,4013,2159
2025-07-14,West Bengal,9566,2222,1464
2025-07-14,Gujarat,9254,4873,557
2025-07-14,Rajasthan,9683,758,264
2025-07-14,Bihar,953,985,50
2025-07-14,Kerala,3190,1778,1131
2025-07-15,Maharashtra,5338,3827,1668
2025-07-15,Delhi,1955,2832,397
2025-07-15,Karnataka,5787,2193,174
2025-07-15,Tamil Nadu,7,3074,492
2025-07-15,Uttar Pradesh,8632,3541,2397
2025-07-15,West Bengal,6211,1950,1468
2025-07-15,Gujarat,7540,4856,3888
2025-07-15,Rajasthan,9628,2368,106
2025-07-15,Bihar,591,266,66
2025-07-15,Kerala,6243,3928,2877
2025-07-16,Maharashtra,7156,4745,1136
2025-07-16,Delhi,6692,3576,2698
2025-07-16,Karnataka,3879,4841,4240
2025-07-16,Tamil Nadu,827,2813,861
2025-07-16,Uttar Pradesh,5315,3292,2004
2025-07-16,West Bengal,8973,2552,1324
2025-07-16,Gujarat,7414,3796,1554
2025-07-16,Rajasthan,5205,4679,2107
2025-07-16,Bihar,4908,662,586
2025-07-16,Kerala,3945,3891,2862
2025-07-17,Maharashtra,6473,2208,1819
2025-07-17,Delhi,4494,4010,3824
2025-07-17,Karnataka,4036,586,262
2025-07-17,Tamil Nadu,5393,1173,557
2025-07-17,Uttar Pradesh,3729,2007,1571
2025-07-17,West Bengal,8227,2211,1368
2025-07-17,Gujarat,7909,3417,6
2025-07-17,Rajasthan,3323,4066,1260
2025-07-17,Bihar,9905,4577,4127
2025-07-17,Kerala,2143,1714,342
2025-07-18,Maharashtra,4823,814,789
2025-07-18,Delhi,9501,4623,159
2025-07-18,Karnataka,5085,1617,718
2025-07-18,Tamil Nadu,5035,3109,2663
2025-07-18,Uttar Pradesh,8852,380,60
2025-07-18,West Bengal,310,1150,863
2025-07-18,Gujarat,4831,815,282
2025-07-18,Rajasthan,2171,2465,2085
2025-07-18,Bihar,2410,3433,3244
2025-07-18,Kerala,1493,1403,912
2025-07-19,Maharashtra,1288,4511,3628
2025-07-19,Delhi,1250,1552,1498
2025-07-19,Karnataka,4253,4772,3023
2025-07-19,Tamil Nadu,4211,336,207
2025-07-19,Uttar Pradesh,2028,442,245
2025-07-19,West Bengal,1275,983,315
2025-07-19,Gujarat,1696,2263,1733
2025-07-19,Rajasthan,5704,489,397
2025-07-19,Bihar,3258,3459,71
2025-07-19,Kerala,2364,1126,74
2025-07-20,Maharashtra,602,4030,2936
2025-07-20,Delhi,3700,1848,1669
2025-07-20,Karnataka,1467,4595,3720
2025-07-20,Tamil Nadu,4137,1833,525
2025-07-20,Uttar Pradesh,5180,2548,2257
2025-07-20,West Bengal,8890,1383,837
2025-07-20,Gujarat,3483,3909,621
2025-07-20,Rajasthan,1945,412,29
2025-07-20,Bihar,5709,1564,721
2025-07-20,Kerala,3290,644,278
2025-07-21,Maharashtra,6886,4281,3388
2025-07-21,Delhi,4054,1045,196
2025-07-21,Karnataka,8771,3388,1110
2025-07-21,Tamil Nadu,3998,2428,383
2025-07-21,Uttar Pradesh,4379,3491,1505
2025-07-21,West Bengal,8214,4563,3069
2025-07-21,Gujarat,3504,452,70
2025-07-21,Rajasthan,8106,2177,2094
2025-07-21,Bihar,5997,4032,377
2025-07-21,Kerala,914,4640,3952
2025-07-22,Maharashtra,7765,2444,1536
2025-07-22,Delhi,7801,1825,1085
2025-07-22,Karnataka,4077,4715,4066
2025-07-22,Tamil Nadu,6503,119,67
2025-07-22,Uttar Pradesh,1176,1139,958
2025-07-22,West Bengal,4072,4568,807
2025-07-22,Gujarat,3606,1971,67
2025-07-22,Rajasthan,4213,3908,3125
2025-07-22,Bihar,7560,4224,486
2025-07-22,Kerala,7925,4101,2142
2025-07-23,Maharashtra,7426,1673,740
2025-07-23,Delhi,8222,3270,1049
2025-07-23,Karnataka,3713,1986,1929
2025-07-23,Tamil Nadu,7744,423,316
2025-07-23,Uttar Pradesh,1928,366,350
2025-07-23,West Bengal,8755,3303,1148
2025-07-23,Gujarat,4560,2900,1851
2025-07-23,Rajasthan,1941,4555,3791
2025-07-23,Bihar,3073,1209,268
2025-07-23,Kerala,550,549,95
2025-07-24,Maharashtra,9558,1119,636
2025-07-24,Delhi,8555,2071,1676
2025-07-24,Karnataka,1859,2092,529
2025-07-24,Tamil Nadu,7957,3374,182
2025-07-24,Uttar Pradesh,7754,1983,267
2025-07-24,West Bengal,6731,4436,1565
2025-07-24,Gujarat,7877,619,372
2025-07-24,Rajasthan,4887,1447,1290
2025-07-24,Bihar,7569,1093,176
2025-07-24,Kerala,2207,4814,3365
2025-07-25,Maharashtra,4436,1372,860
2025-07-25,Delhi,8612,1136,867
2025-07-25,Karnataka,4940,1621,1245
2025-07-25,Tamil Nadu,3369,345,29
2025-07-25,Uttar Pradesh,8476,202,21
2025-07-25,West Bengal,9877,3256,1124
2025-07-25,Gujarat,4210,314,251
2025-07-25,Rajasthan,3955,4781,2994
2025-07-25,Bihar,2143,2554,293
2025-07-25,Kerala,9673,1381,162
2025-07-26,Maharashtra,8974,2441,499
2025-07-26,Delhi,776,4785,3095
2025-07-26,Karnataka,5116,4765,378
2025-07-26,Tamil Nadu,9219,4016,1597
2025-07-26,Uttar Pradesh,6646,4511,520
2025-07-26,West Bengal,3978,4885,4242
2025-07-26,Gujarat,9456,3219,756
2025-07-26,Rajasthan,7891,1019,932
2025-07-26,Bihar,4118,4366,1623
2025-07-26,Kerala,4865,4757,2322
2025-07-27,Maharashtra,104,4637,949
2025-07-27,Delhi,6899,2598,2473
2025-07-27,Karnataka,5580,1512,397
2025-07-27,Tamil Nadu,5541,1404,581
2025-07-27,Uttar Pradesh,830,3410,912
2025-07-27,West Bengal,5524,1061,982
2025-07-27,Gujarat,5816,445,340
2025-07-27,Rajasthan,3276,3266,80
2025-07-27,Bihar,8674,3182,878
2025-07-27,Kerala,3540,2555,1086
2025-07-28,Maharashtra,5773,4715,1264
2025-07-28,Delhi,2992,4362,668
2025-07-28,Karnataka,8917,4477,3255
2025-07-28,Tamil Nadu,2453,617,354
2025-07-28,Uttar Pradesh,2873,3365,699
2025-07-28,West Bengal,1593,1179,323
2025-07-28,Gujarat,8602,370,144
2025-07-28,Rajasthan,7724,2983,838
2025-07-28,Bihar,1839,1727,1
2025-07-28,Kerala,8481,1745,1563
2025-07-29,Maharashtra,166,1529,302
2025-07-29,Delhi,3640,4329,2188
2025-07-29,Karnataka,7242,3728,3621
2025-07-29,Tamil Nadu,2132,3097,3081
2025-07-29,Uttar Pradesh,3491,3005,1645
2025-07-29,West Bengal,2565,4244,4086
2025-07-29,Gujarat,7681,1042,755
2025-07-29,Rajasthan,421,3679,1040
2025-07-29,Bihar,4376,699,397
2025-07-29,Kerala,7421,539,444
2025-07-30,Maharashtra,5657,2029,1289
2025-07-30,Delhi,3388,4906,4044
2025-07-30,Karnataka,1003,3528,1630
2025-07-30,Tamil Nadu,3800,3785,1802
2025-07-30,Uttar Pradesh,1385,264,120
2025-07-30,West Bengal,3700,2784,1434
2025-07-30,Gujarat,6879,2952,841
2025-07-30,Rajasthan,5155,4791,2739
2025-07-30,Bihar,9939,4661,3538
2025-07-30,Kerala,382,4268,1258
2025-07-31,Maharashtra,7365,2596,2243
2025-07-31,Delhi,1030,3257,2063
2025-07-31,Karnataka,3877,1537,324
2025-07-31,Tamil Nadu,8830,3230,2313
2025-07-31,Uttar Pradesh,5453,3847,1686
2025-07-31,West Bengal,2695,3938,408
2025-07-31,Gujarat,2120,4009,1347
2025-07-31,Rajasthan,5999,103,60
2025-07-31,Bihar,5244,4342,3170
2025-07-31,Kerala,2050,1820,1738
2025-08-01,Maharashtra,9719,1743,493
2025-08-01,Delhi,5693,3625,615
2025-08-01,Karnataka,4606,1711,1554
2025-08-01,Tamil Nadu,1078,1499,928
2025-08-01,Uttar Pradesh,6935,3486,3351
2025-08-01,West Bengal,4919,618,2
2025-08-01,Gujarat,3595,1160,597
2025-08-01,Rajasthan,4648,4036,549
2025-08-01,Bihar,709,3246,3085
2025-08-01,Kerala,8468,3851,657
2025-08-02,Maharashtra,699,175,124
2025-08-02,Delhi,3063,559,503
2025-08-02,Karnataka,7828,3419,509
2025-08-02,Tamil Nadu,1530,2006,1188
2025-08-02,Uttar Pradesh,7728,1601,637
2025-08-02,West Bengal,9349,4032,1566
2025-08-02,Gujarat,4687,3376,756
2025-08-02,Rajasthan,5062,3243,2131
2025-08-02,Bihar,1531,2236,1870
2025-08-02,Kerala,1806,3979,1853
2025-08-03,Maharashtra,1136,2611,609
2025-08-03,Delhi,2025,3545,836
2025-08-03,Karnataka,2742,316,259
2025-08-03,Tamil Nadu,8546,1560,798
2025-08-03,Uttar Pradesh,9142,3542,136
2025-08-03,West Bengal,3001,2287,631
2025-08-03,Gujarat,6925,2706,2565
2025-08-03,Rajasthan,8085,2271,2158
2025-08-03,Bihar,7641,2048,304
2025-08-03,Kerala,2836,817,159
2025-08-04,Maharashtra,3438,4666,4443
2025-08-04,Delhi,6313,1979,1875
2025-08-04,Karnataka,2641,2982,2168
2025-08-04,Tamil Nadu,4278,195,123
2025-08-04,Uttar Pradesh,2214,1386,872
2025-08-04,West Bengal,2833,936,239
2025-08-04,Gujarat,7174,1536,914
2025-08-04,Rajasthan,6431,1996,106
2025-08-04,Bihar,3255,1150,823
2025-08-04,Kerala,4559,2368,1677
2025-08-05,Maharashtra,9939,2941,516
2025-08-05,Delhi,5831,2062,1572
2025-08-05,Karnataka,6189,4737,4664
2025-08-05,Tamil Nadu,1763,3222,748
2025-08-05,Uttar Pradesh,4960,3131,1630
2025-08-05,West Bengal,2832,4681,789
2025-08-05,Gujarat,7078,3169,933
2025-08-05,Rajasthan,2394,2382,1342
2025-08-05,Bihar,6604,3681,2104
2025-08-05,Kerala,7639,4222,1086
2025-08-06,Maharashtra,4599,3014,321
2025-08-06,Delhi,3831,1192,19
2025-08-06,Karnataka,9354,750,297
2025-08-06,Tamil Nadu,1196,3622,672
2025-08-06,Uttar Pradesh,3861,3218,2523
2025-08-06,West Bengal,6661,520,493
2025-08-06,Gujarat,2663,1342,851
2025-08-06,Rajasthan,8089,3120,245
2025-08-06,Bihar,9625,3315,2509
2025-08-06,Kerala,2861,1773,674
2025-08-07,Maharashtra,8979,236,79
2025-08-07,Delhi,2217,2315,483
2025-08-07,Karnataka,1161,1314,934
2025-08-07,Tamil Nadu,6586,920,142
2025-08-07,Uttar Pradesh,9451,2737,2629
2025-08-07,West Bengal,1816,4340,3864
2025-08-07,Gujarat,2727,1064,988
2025-08-07,Rajasthan,188,210,133
2025-08-07,Bihar,3302,4747,4150
2025-08-07,Kerala,6336,4916,118
2025-08-08,Maharashtra,3672,3610,2966
2025-08-08,Delhi,4152,303,152
2025-08-08,Karnataka,5086,2725,2266
2025-08-08,Tamil Nadu,246,1712,1432
2025-08-08,Uttar Pradesh,7685,3887,2993
2025-08-08,West Bengal,7625,4389,1059
2025-08-08,Gujarat,2231,4345,836
2025-08-08,Rajasthan,8119,3352,2085
2025-08-08,Bihar,4212,784,261
2025-08-08,Kerala,3098,968,676
2025-08-09,Maharashtra,5060,379,70
2025-08-09,Delhi,2994,1556,1538
2025-08-09,Karnataka,7205,197,137
2025-08-09,Tamil Nadu,1170,3429,3229
2025-08-09,Uttar Pradesh,8808,1408,203
2025-08-09,West Bengal,8435,4208,2428
2025-08-09,Gujarat,4572,489,31
2025-08-09,Rajasthan,2400,3086,1545
2025-08-09,Bihar,8625,770,395
2025-08-09,Kerala,4594,1894,386
2025-08-10,Maharashtra,5511,4191,2529
2025-08-10,Delhi,3851,308,257
2025-08-10,Karnataka,2230,2611,1593
2025-08-10,Tamil Nadu,9987,3743,2741
2025-08-10,Uttar Pradesh,7315,3199,1120
2025-08-10,West Bengal,9982,3697,2958
2025-08-10,Gujarat,9155,119,66
2025-08-10,Rajasthan,2454,290,42
2025-08-10,Bihar,4821,2253,1450
2025-08-10,Kerala,51,3080,407
2025-08-11,Maharashtra,3440,2052,1063
2025-08-11,Delhi,3347,481,475
2025-08-11,Karnataka,711,205,104
2025-08-11,Tamil Nadu,2685,4338,3627
2025-08-11,Uttar Pradesh,529,2634,2504
2025-08-11,West Bengal,5537,1568,1158
2025-08-11,Gujarat,4490,3156,2060
2025-08-11,Rajasthan,3249,4230,3214
2025-08-11,Bihar,879,812,569
2025-08-11,Kerala,6409,682,158
2025-08-12,Maharashtra,9268,1753,687
2025-08-12,Delhi,6165,237,66
2025-08-12,Karnataka,4761,2272,444
2025-08-12,Tamil Nadu,7520,2502,398
2025-08-12,Uttar Pradesh,8577,1689,171
2025-08-12,West Bengal,7386,4570,3837
2025-08-12,Gujarat,3025,3481,1158
2025-08-12,Rajasthan,691,2976,1368
2025-08-12,Bihar,9062,4893,2819
2025-08-12,Kerala,9651,1931,1444
2025-08-13,Maharashtra,1567,4364,1416
2025-08-13,Delhi,7138,1163,974
2025-08-13,Karnataka,4799,2867,2804
2025-08-13,Tamil Nadu,9485,1647,353
2025-08-13,Uttar Pradesh,6807,1801,1088
2025-08-13,West Bengal,8294,4992,864
2025-08-13,Gujarat,2190,1464,222
2025-08-13,Rajasthan,4088,3223,109
2025-08-13,Bihar,581,2691,1116
2025-08-13,Kerala,1657,1528,947
2025-08-14,Maharashtra,7645,4727,1187
2025-08-14,Delhi,6072,1611,1081
2025-08-14,Karnataka,410,2355,1954
2025-08-14,Tamil Nadu,5807,787,4
2025-08-14,Uttar Pradesh,9688,4168,2937
2025-08-14,West Bengal,7534,1214,1176
2025-08-14,Gujarat,2152,4152,73
2025-08-14,Rajasthan,6905,2155,505
2025-08-14,Bihar,4432,4815,1718
2025-08-14,Kerala,9674,1502,393
2025-08-15,Maharashtra,7639,13,8
2025-08-15,Delhi,6687,3271,1823
2025-08-15,Karnataka,881,685,681
2025-08-15,Tamil Nadu,2120,2093,1429
2025-08-15,Uttar Pradesh,6598,753,641
2025-08-15,West Bengal,2072,3225,1636
2025-08-15,Gujarat,5479,4698,4467
2025-08-15,Rajasthan,83,262,155
2025-08-15,Bihar,831,4324,2095
2025-08-15,Kerala,5108,898,124
2025-08-16,Maharashtra,610,2952,1851
2025-08-16,Delhi,4293,366,171
2025-08-16,Karnataka,9527,2370,1367
2025-08-16,Tamil Nadu,5782,3926,774
2025-08-16,Uttar Pradesh,4267,2074,961
2025-08-16,West Bengal,6464,2212,2132
2025-08-16,Gujarat,6413,529,430
2025-08-16,Rajasthan,3936,2805,2387
2025-08-16,Bihar,9404,1785,752
2025-08-16,Kerala,8516,78,32
2025-08-17,Maharashtra,7602,68,39
2025-08-17,Delhi,7194,4444,654
2025-08-17,Karnataka,9707,764,79
2025-08-17,Tamil Nadu,1252,2844,1176
2025-08-17,Uttar Pradesh,2302,2578,2011
2025-08-17,West Bengal,2656,2951,2210
2025-08-17,Gujarat,7744,3172,973
2025-08-17,Rajasthan,753,2471,1520
2025-08-17,Bihar,5908,4290,2275
2025-08-17,Kerala,8574,262,128
2025-08-18,Maharashtra,1939,2405,1074
2025-08-18,Delhi,1168,2924,2393
2025-08-18,Karnataka,2385,3847,2725
2025-08-18,Tamil Nadu,7943,1995,1434
2025-08-18,Uttar Pradesh,7286,101,42
2025-08-18,West Bengal,4449,4704,1927
2025-08-18,Gujarat,9209,2377,1227
2025-08-18,Rajasthan,5339,2811,243
2025-08-18,Bihar,4682,4238,1115
2025-08-18,Kerala,4212,2110,586
2025-08-19,Maharashtra,4957,1777,473
2025-08-19,Delhi,6152,1668,155
2025-08-19,Karnataka,5572,3398,2032
2025-08-19,Tamil Nadu,7776,1638,1426
2025-08-19,Uttar Pradesh,4866,2751,1876
2025-08-19,West Bengal,611,1691,788
2025-08-19,Gujarat,3118,2121,717
2025-08-19,Rajasthan,9842,2487,1133
2025-08-19,Bihar,9339,3851,682
2025-08-19,Kerala,6434,708,511
2025-08-20,Maharashtra,1259,3313,3102
2025-08-20,Delhi,3704,3608,3551
2025-08-20,Karnataka,8814,4453,3041
2025-08-20,Tamil Nadu,5899,3370,647
2025-08-20,Uttar Pradesh,9359,4984,3758
2025-08-20,West Bengal,2117,706,63
2025-08-20,Gujarat,3188,2231,1588
2025-08-20,Rajasthan,8625,1538,1455
2025-08-20,Bihar,4791,78,14
2025-08-20,Kerala,9989,1188,159
2025-08-21,Maharashtra,6911,3876,1885
2025-08-21,Delhi,7859,95,54
2025-08-21,Karnataka,5820,3384,226
2025-08-21,Tamil Nadu,4724,4958,4651
2025-08-21,Uttar Pradesh,1854,2666,1763
2025-08-21,West Bengal,3025,4844,2869
2025-08-21,Gujarat,9075,2286,1451
2025-08-21,Rajasthan,8633,3866,582
2025-08-21,Bihar,931,1970,302
2025-08-21,Kerala,6355,4067,3084
2025-08-22,Maharashtra,507,4000,1093
2025-08-22,Delhi,9806,287,229
2025-08-22,Karnataka,4510,3585,3581
2025-08-22,Tamil Nadu,942,840,330
2025-08-22,Uttar Pradesh,9076,1004,319
2025-08-22,West Bengal,7769,2563,577
2025-08-22,Gujarat,8632,1860,1319
2025-08-22,Rajasthan,3352,3425,224
2025-08-22,Bihar,5849,2814,1190
2025-08-22,Kerala,6567,3913,3204
2025-08-23,Maharashtra,702,1327,279
2025-08-23,Delhi,3037,860,417
2025-08-23,Karnataka,8693,4923,1620
2025-08-23,Tamil Nadu,8830,2323,1609
2025-08-23,Uttar Pradesh,1420,3669,1479
2025-08-23,West Bengal,382,1163,692
2025-08-23,Gujarat,4634,1767,863
2025-08-23,Rajasthan,7629,4708,1790
2025-08-23,Bihar,8620,3670,1552
2025-08-23,Kerala,123,4069,561
2025-08-24,Maharashtra,5455,432,112
2025-08-24,Delhi,7205,3424,1249
2025-08-24,Karnataka,1023,1153,440
2025-08-24,Tamil Nadu,8247,4937,1267
2025-08-24,Uttar Pradesh,9494,3333,2728
2025-08-24,West Bengal,1840,4861,1400
2025-08-24,Gujarat,5734,2709,1274
2025-08-24,Rajasthan,2768,2616,552
2025-08-24,Bihar,8917,142,82
2025-08-24,Kerala,2141,186,182
2025-08-25,Maharashtra,4798,2650,2395
2025-08-25,Delhi,3779,953,14
2025-08-25,Karnataka,1969,4868,1114
2025-08-25,Tamil Nadu,1220,4027,998
2025-08-25,Uttar Pradesh,7986,1151,558
2025-08-25,West Bengal,7153,1481,563
2025-08-25,Gujarat,6071,605,313
2025-08-25,Rajasthan,7909,2592,2182
2025-08-25,Bihar,5549,1278,1122
2025-08-25,Kerala,1496,2842,2057
2025-08-26,Maharashtra,2961,2743,1258
2025-08-26,Delhi,4655,1096,252
2025-08-26,Karnataka,5088,4002,1518
2025-08-26,Tamil Nadu,8856,1263,421
2025-08-26,Uttar Pradesh,8935,4818,2633
2025-08-26,West Bengal,3859,676,319
2025-08-26,Gujarat,6545,2244,910
2025-08-26,Rajasthan,7273,223,208
2025-08-26,Bihar,2736,2447,549
2025-08-26,Kerala,5770,4903,1016
2025-08-27,Maharashtra,2112,676,66
2025-08-27,Delhi,8172,2473,1052
2025-08-27,Karnataka,3115,1858,1684
2025-08-27,Tamil Nadu,2910,1709,1391
2025-08-27,Uttar Pradesh,1258,3749,2844
2025-08-27,West Bengal,3749,1803,1220
2025-08-27,Gujarat,8038,3426,2718
2025-08-27,Rajasthan,5293,1310,345
2025-08-27,Bihar,2719,2825,1880
2025-08-27,Kerala,3562,4475,3136
2025-08-28,Maharashtra,2973,1384,55
2025-08-28,Delhi,8818,698,668
2025-08-28,Karnataka,9843,63,11
2025-08-28,Tamil Nadu,7931,2426,920
2025-08-28,Uttar Pradesh,9210,4045,2878
2025-08-28,West Bengal,4614,1179,569
2025-08-28,Gujarat,9433,1446,148
2025-08-28,Rajasthan,2353,2312,698
2025-08-28,Bihar,6887,3713,1781
2025-08-28,Kerala,3533,4341,4131
2025-08-29,Maharashtra,1535,2603,393
2025-08-29,Delhi,5799,2711,836
2025-08-29,Karnataka,7926,2924,1372
2025-08-29,Tamil Nadu,9453,1211,828
2025-08-29,Uttar Pradesh,4272,2328,803
2025-08-29,West Bengal,7545,4347,3325
2025-08-29,Gujarat,858,2533,1696
2025-08-29,Rajasthan,2812,3489,3117
2025-08-29,Bihar,9337,2795,103
2025-08-29,Kerala,8977,902,395
2025-08-30,Maharashtra,9382,4012,3876
2025-08-30,Delhi,964,255,70
2025-08-30,Karnataka,2815,4023,3460
2025-08-30,Tamil Nadu,9960,1476,180
2025-08-30,Uttar Pradesh,103,427,335
2025-08-30,West Bengal,1996,3607,1357
2025-08-30,Gujarat,667,2349,2054
2025-08-30,Rajasthan,5614,4413,2937
2025-08-30,Bihar,4940,801,488
2025-08-30,Kerala,334,583,61
2025-08-31,Maharashtra,30,2168,756
2025-08-31,Delhi,3260,4001,2115
2025-08-31,Karnataka,5956,3731,1643
2025-08-31,Tamil Nadu,1293,3896,1438
2025-08-31,Uttar Pradesh,5370,1794,1762
2025-08-31,West Bengal,8360,965,322
2025-08-31,Gujarat,2221,828,13
2025-08-31,Rajasthan,2092,1799,941
2025-08-31,Bihar,1467,604,102
2025-08-31,Kerala,2977,2105,1499
2025-09-01,Maharashtra,480,6,4
2025-09-01,Delhi,9713,3428,2945
2025-09-01,Karnataka,8525,3641,2200
2025-09-01,Tamil Nadu,2140,3887,2344
2025-09-01,Uttar Pradesh,193,4793,1489
2025-09-01,West Bengal,5169,2454,1285
2025-09-01,Gujarat,3166,3595,728
2025-09-01,Rajasthan,5155,892,181
2025-09-01,Bihar,9707,101,77
2025-09-01,Kerala,2399,937,279
2025-09-02,Maharashtra,8207,457,135
2025-09-02,Delhi,1411,162,154
2025-09-02,Karnataka,2028,1621,701
2025-09-02,Tamil Nadu,8126,2513,1306
2025-09-02,Uttar Pradesh,4660,2644,812
2025-09-02,West Bengal,2817,3247,2446
2025-09-02,Gujarat,4176,4526,1146
2025-09-02,Rajasthan,3220,4596,228
2025-09-02,Bihar,5814,3565,2715
2025-09-02,Kerala,3525,2428,1390
2025-09-03,Maharashtra,8910,95,72
2025-09-03,Delhi,1802,712,342
2025-09-03,Karnataka,8090,332,106
2025-09-03,Tamil Nadu,8621,4791,3193
2025-09-03,Uttar Pradesh,7912,2544,1019
2025-09-03,West Bengal,3810,2540,2248
2025-09-03,Gujarat,5017,664,276
2025-09-03,Rajasthan,4971,2824,463
2025-09-03,Bihar,375,4075,1733
2025-09-03,Kerala,7309,1500,1305
2025-09-04,Maharashtra,553,2995,229
2025-09-04,Delhi,9988,666,94
2025-09-04,Karnataka,4590,2189,2001
2025-09-04,Tamil Nadu,7331,2439,876
2025-09-04,Uttar Pradesh,203,3684,730
2025-09-04,West Bengal,2687,4672,1405
2025-09-04,Gujarat,4982,829,164
2025-09-04,Rajasthan,9725,4760,3581
2025-09-04,Bihar,8623,1286,226
2025-09-04,Kerala,5124,2737,1557
2025-09-05,Maharashtra,4721,3566,2757
2025-09-05,Delhi,1848,4386,184
2025-09-05,Karnataka,9856,1552,1278
2025-09-05,Tamil Nadu,946,2378,2188
2025-09-05,Uttar Pradesh,7752,1706,1688
2025-09-05,West Bengal,7824,2998,778
2025-09-05,Gujarat,1641,4092,3853
2025-09-05,Rajasthan,5969,4650,2842
2025-09-05,Bihar,5661,3076,1475
2025-09-05,Kerala,8203,279,170
2025-09-06,Maharashtra,6465,2255,2027
2025-09-06,Delhi,6371,2853,1784
2025-09-06,Karnataka,2726,4296,1518
2025-09-06,Tamil Nadu,6006,733,467
2025-09-06,Uttar Pradesh,4257,2375,671
2025-09-06,West Bengal,7479,1392,596
2025-09-06,Gujarat,4307,2756,1207
2025-09-06,Rajasthan,4372,3546,2414
2025-09-06,Bihar,7689,1520,729
2025-09-06,Kerala,2908,4182,3626
2025-09-07,Maharashtra,4901,2307,1665
2025-09-07,Delhi,3736,3897,1164
2025-09-07,Karnataka,8840,2781,1504
2025-09-07,Tamil Nadu,484,1466,541
2025-09-07,Uttar Pradesh,322,4010,670
2025-09-07,West Bengal,8287,1693,1219
2025-09-07,Gujarat,8060,4192,4049
2025-09-07,Rajasthan,3754,1099,676
2025-09-07,Bihar,5170,4486,583
2025-09-07,Kerala,5041,1125,553
2025-09-08,Maharashtra,1067,917,399
2025-09-08,Delhi,2965,2837,1941
2025-09-08,Karnataka,6927,2952,1859
2025-09-08,Tamil Nadu,2506,758,709
2025-09-08,Uttar Pradesh,9574,2006,785
2025-09-08,West Bengal,8457,1908,668
2025-09-08,Gujarat,2539,3405,3308
2025-09-08,Rajasthan,6720,457,62
2025-09-08,Bihar,2943,1239,47
2025-09-08,Kerala,8269,1570,812
<<<<<<< HEAD
=======
=======
2025-06-01,Maharashtra,5314,4721,1369
2025-06-01,Delhi,201,4588,515
2025-06-01,Karnataka,7177,750,41
2025-06-01,Tamil Nadu,6879,1180,1138
2025-06-01,Uttar Pradesh,8030,559,109
2025-06-01,West Bengal,3849,3325,1859
2025-06-01,Gujarat,2223,3941,1795
2025-06-01,Rajasthan,3831,3118,2637
2025-06-01,Bihar,4072,411,219
2025-06-01,Kerala,1789,777,606
2025-06-02,Maharashtra,3695,49,38
2025-06-02,Delhi,6191,3167,2317
2025-06-02,Karnataka,8907,2529,1771
2025-06-02,Tamil Nadu,1716,796,170
2025-06-02,Uttar Pradesh,6287,2921,1238
2025-06-02,West Bengal,8578,3329,1948
2025-06-02,Gujarat,3171,3606,747
2025-06-02,Rajasthan,1493,4835,3305
2025-06-02,Bihar,9973,1263,888
2025-06-02,Kerala,4069,310,261
2025-06-03,Maharashtra,8230,3239,619
2025-06-03,Delhi,966,4468,1151
2025-06-03,Karnataka,6077,2778,1222
2025-06-03,Tamil Nadu,7738,4262,896
2025-06-03,Uttar Pradesh,234,4156,1966
2025-06-03,West Bengal,8875,2450,2018
2025-06-03,Gujarat,1751,3469,1722
2025-06-03,Rajasthan,2772,4354,3030
2025-06-03,Bihar,2415,3905,2981
2025-06-03,Kerala,3928,4800,4164
2025-06-04,Maharashtra,6279,2621,1615
2025-06-04,Delhi,8783,933,221
2025-06-04,Karnataka,397,2062,1403
2025-06-04,Tamil Nadu,1535,4915,3730
2025-06-04,Uttar Pradesh,5831,190,45
2025-06-04,West Bengal,765,1587,767
2025-06-04,Gujarat,2011,4632,3952
2025-06-04,Rajasthan,8686,1963,797
2025-06-04,Bihar,5343,2876,1201
2025-06-04,Kerala,2312,1338,1127
2025-06-05,Maharashtra,9100,485,130
2025-06-05,Delhi,676,2414,573
2025-06-05,Karnataka,1950,2353,1253
2025-06-05,Tamil Nadu,8532,4550,1929
2025-06-05,Uttar Pradesh,3971,2612,1956
2025-06-05,West Bengal,5343,3710,2331
2025-06-05,Gujarat,3402,1933,658
2025-06-05,Rajasthan,4298,4073,3657
2025-06-05,Bihar,1492,3325,1526
2025-06-05,Kerala,2250,4701,3679
2025-06-06,Maharashtra,2192,1702,1674
2025-06-06,Delhi,3313,3857,2140
2025-06-06,Karnataka,7801,4798,2119
2025-06-06,Tamil Nadu,1396,3616,1050
2025-06-06,Uttar Pradesh,6985,4581,59
2025-06-06,West Bengal,5770,2612,2128
2025-06-06,Gujarat,7812,3156,2617
2025-06-06,Rajasthan,3525,802,325
2025-06-06,Bihar,4519,1155,406
2025-06-06,Kerala,6332,3499,2015
2025-06-07,Maharashtra,2413,3007,1802
2025-06-07,Delhi,1491,112,103
2025-06-07,Karnataka,9236,1860,1083
2025-06-07,Tamil Nadu,3413,797,32
2025-06-07,Uttar Pradesh,4831,3980,3216
2025-06-07,West Bengal,3238,4841,4300
2025-06-07,Gujarat,6531,1669,111
2025-06-07,Rajasthan,2334,1791,1536
2025-06-07,Bihar,3217,2049,1773
2025-06-07,Kerala,9833,4466,3502
2025-06-08,Maharashtra,8498,2818,1661
2025-06-08,Delhi,2060,3696,3397
2025-06-08,Karnataka,5063,646,275
2025-06-08,Tamil Nadu,8560,4211,219
2025-06-08,Uttar Pradesh,1436,4173,1495
2025-06-08,West Bengal,7015,4264,127
2025-06-08,Gujarat,2429,4040,2986
2025-06-08,Rajasthan,185,4422,1434
2025-06-08,Bihar,7247,3141,430
2025-06-08,Kerala,5246,1400,257
2025-06-09,Maharashtra,6130,475,228
2025-06-09,Delhi,3235,1836,670
2025-06-09,Karnataka,8351,2435,1258
2025-06-09,Tamil Nadu,7159,2455,477
2025-06-09,Uttar Pradesh,2790,4486,560
2025-06-09,West Bengal,2896,2189,980
2025-06-09,Gujarat,864,2874,2519
2025-06-09,Rajasthan,3904,739,716
2025-06-09,Bihar,7624,1658,466
2025-06-09,Kerala,3346,528,230
2025-06-10,Maharashtra,412,1250,1188
2025-06-10,Delhi,1462,1317,663
2025-06-10,Karnataka,8104,2727,725
2025-06-10,Tamil Nadu,5033,2634,2549
2025-06-10,Uttar Pradesh,6752,433,143
2025-06-10,West Bengal,2846,4995,159
2025-06-10,Gujarat,8316,4205,2772
2025-06-10,Rajasthan,3301,2099,929
2025-06-10,Bihar,1162,2418,1093
2025-06-10,Kerala,3175,223,63
2025-06-11,Maharashtra,1613,4245,2405
2025-06-11,Delhi,5105,4862,1090
2025-06-11,Karnataka,9518,4055,1743
2025-06-11,Tamil Nadu,6755,3621,1184
2025-06-11,Uttar Pradesh,5936,2497,2074
2025-06-11,West Bengal,5341,4748,3485
2025-06-11,Gujarat,8118,1418,1344
2025-06-11,Rajasthan,9344,720,649
2025-06-11,Bihar,2163,2685,1565
2025-06-11,Kerala,9924,1107,832
2025-06-12,Maharashtra,624,2929,2808
2025-06-12,Delhi,4241,733,710
2025-06-12,Karnataka,7535,2385,609
2025-06-12,Tamil Nadu,4943,4582,3585
2025-06-12,Uttar Pradesh,739,4364,1741
2025-06-12,West Bengal,2556,4700,2634
2025-06-12,Gujarat,926,3054,2487
2025-06-12,Rajasthan,8328,907,524
2025-06-12,Bihar,6721,2090,221
2025-06-12,Kerala,9777,4200,1601
2025-06-13,Maharashtra,5540,2243,2142
2025-06-13,Delhi,5058,912,534
2025-06-13,Karnataka,6262,3977,1703
2025-06-13,Tamil Nadu,1890,509,492
2025-06-13,Uttar Pradesh,1079,44,20
2025-06-13,West Bengal,1863,3139,451
2025-06-13,Gujarat,9272,2874,5
2025-06-13,Rajasthan,9508,618,359
2025-06-13,Bihar,2964,2240,1665
2025-06-13,Kerala,3096,1777,1593
2025-06-14,Maharashtra,2804,206,128
2025-06-14,Delhi,5028,4521,3252
2025-06-14,Karnataka,2524,3858,974
2025-06-14,Tamil Nadu,957,4644,3162
2025-06-14,Uttar Pradesh,4884,837,392
2025-06-14,West Bengal,1023,2223,204
2025-06-14,Gujarat,2158,2769,344
2025-06-14,Rajasthan,7872,4610,1130
2025-06-14,Bihar,3325,2365,1527
2025-06-14,Kerala,5088,364,52
2025-06-15,Maharashtra,514,3172,2929
2025-06-15,Delhi,3429,461,58
2025-06-15,Karnataka,9550,4409,1535
2025-06-15,Tamil Nadu,9804,844,301
2025-06-15,Uttar Pradesh,3053,4129,1729
2025-06-15,West Bengal,8148,4295,1689
2025-06-15,Gujarat,5570,4317,2381
2025-06-15,Rajasthan,6923,1298,744
2025-06-15,Bihar,7982,2804,629
2025-06-15,Kerala,1247,2504,505
2025-06-16,Maharashtra,9645,3186,2982
2025-06-16,Delhi,866,3326,2270
2025-06-16,Karnataka,9561,134,11
2025-06-16,Tamil Nadu,1168,462,424
2025-06-16,Uttar Pradesh,2360,3033,387
2025-06-16,West Bengal,2346,2537,1227
2025-06-16,Gujarat,6254,893,112
2025-06-16,Rajasthan,1000,251,216
2025-06-16,Bihar,9680,2481,1340
2025-06-16,Kerala,830,4670,432
2025-06-17,Maharashtra,7201,3640,2880
2025-06-17,Delhi,575,4419,1274
2025-06-17,Karnataka,7992,1458,507
2025-06-17,Tamil Nadu,6437,348,321
2025-06-17,Uttar Pradesh,1390,613,553
2025-06-17,West Bengal,6780,1591,1461
2025-06-17,Gujarat,1364,1671,114
2025-06-17,Rajasthan,6722,1696,421
2025-06-17,Bihar,5353,2883,1440
2025-06-17,Kerala,4921,1529,1375
2025-06-18,Maharashtra,3234,1435,751
2025-06-18,Delhi,7349,3021,1691
2025-06-18,Karnataka,6443,1431,147
2025-06-18,Tamil Nadu,1861,4349,2915
2025-06-18,Uttar Pradesh,4008,498,196
2025-06-18,West Bengal,2840,1853,270
2025-06-18,Gujarat,4646,677,657
2025-06-18,Rajasthan,3313,1020,486
2025-06-18,Bihar,1713,3182,956
2025-06-18,Kerala,2401,37,2
2025-06-19,Maharashtra,3474,3306,1103
2025-06-19,Delhi,7900,557,145
2025-06-19,Karnataka,723,1167,887
2025-06-19,Tamil Nadu,1952,723,514
2025-06-19,Uttar Pradesh,8209,2435,2209
2025-06-19,West Bengal,9663,1483,84
2025-06-19,Gujarat,4152,3299,437
2025-06-19,Rajasthan,2106,3278,95
2025-06-19,Bihar,1293,1991,43
2025-06-19,Kerala,6360,2823,2473
2025-06-20,Maharashtra,9591,4746,3307
2025-06-20,Delhi,2144,4356,3340
2025-06-20,Karnataka,1935,3869,3433
2025-06-20,Tamil Nadu,907,3275,539
2025-06-20,Uttar Pradesh,3023,2459,2365
2025-06-20,West Bengal,2759,3228,1107
2025-06-20,Gujarat,7505,4078,2872
2025-06-20,Rajasthan,8049,1709,240
2025-06-20,Bihar,8792,3514,1410
2025-06-20,Kerala,178,4167,2458
2025-06-21,Maharashtra,1051,4469,54
2025-06-21,Delhi,1266,3807,210
2025-06-21,Karnataka,9516,2509,1518
2025-06-21,Tamil Nadu,7705,3679,3329
2025-06-21,Uttar Pradesh,3420,1425,650
2025-06-21,West Bengal,7523,2976,1521
2025-06-21,Gujarat,4956,2297,1547
2025-06-21,Rajasthan,9618,10,6
2025-06-21,Bihar,1538,845,36
2025-06-21,Kerala,1310,4411,1412
2025-06-22,Maharashtra,363,2578,2272
2025-06-22,Delhi,3691,2365,1324
2025-06-22,Karnataka,5754,800,12
2025-06-22,Tamil Nadu,9488,2539,548
2025-06-22,Uttar Pradesh,7702,2102,274
2025-06-22,West Bengal,8741,207,10
2025-06-22,Gujarat,4837,2387,1716
2025-06-22,Rajasthan,6644,1058,532
2025-06-22,Bihar,766,4423,2757
2025-06-22,Kerala,6050,1485,152
2025-06-23,Maharashtra,5815,3283,1501
2025-06-23,Delhi,8767,1653,371
2025-06-23,Karnataka,9129,1176,1158
2025-06-23,Tamil Nadu,4386,1812,1193
2025-06-23,Uttar Pradesh,3691,2076,53
2025-06-23,West Bengal,7547,188,117
2025-06-23,Gujarat,8015,3824,50
2025-06-23,Rajasthan,2383,7,6
2025-06-23,Bihar,7078,4619,332
2025-06-23,Kerala,9209,1710,531
2025-06-24,Maharashtra,5260,3192,603
2025-06-24,Delhi,9251,4779,4402
2025-06-24,Karnataka,2949,2967,139
2025-06-24,Tamil Nadu,7300,1954,157
2025-06-24,Uttar Pradesh,5251,607,595
2025-06-24,West Bengal,8058,1051,232
2025-06-24,Gujarat,3106,3553,3263
2025-06-24,Rajasthan,1346,1497,1183
2025-06-24,Bihar,1669,232,189
2025-06-24,Kerala,3812,3527,284
2025-06-25,Maharashtra,9735,4189,1490
2025-06-25,Delhi,315,3510,729
2025-06-25,Karnataka,3483,638,24
2025-06-25,Tamil Nadu,4060,1367,611
2025-06-25,Uttar Pradesh,9317,2670,676
2025-06-25,West Bengal,7173,2739,1679
2025-06-25,Gujarat,7301,4613,4345
2025-06-25,Rajasthan,8014,134,28
2025-06-25,Bihar,2599,1748,682
2025-06-25,Kerala,1881,1528,1264
2025-06-26,Maharashtra,8064,2430,329
2025-06-26,Delhi,3517,2342,125
2025-06-26,Karnataka,2697,126,95
2025-06-26,Tamil Nadu,317,4121,3575
2025-06-26,Uttar Pradesh,9650,4242,4058
2025-06-26,West Bengal,2779,575,195
2025-06-26,Gujarat,3279,57,21
2025-06-26,Rajasthan,8685,1848,1453
2025-06-26,Bihar,9929,1536,121
2025-06-26,Kerala,5820,2164,39
2025-06-27,Maharashtra,4583,1694,423
2025-06-27,Delhi,495,1210,813
2025-06-27,Karnataka,4150,3717,3460
2025-06-27,Tamil Nadu,1868,1043,781
2025-06-27,Uttar Pradesh,2507,1237,571
2025-06-27,West Bengal,8583,4034,2308
2025-06-27,Gujarat,6054,52,24
2025-06-27,Rajasthan,8416,4891,1076
2025-06-27,Bihar,9344,2961,902
2025-06-27,Kerala,1219,14,1
2025-06-28,Maharashtra,6366,424,52
2025-06-28,Delhi,2019,1091,550
2025-06-28,Karnataka,3264,3041,2336
2025-06-28,Tamil Nadu,9381,1094,56
2025-06-28,Uttar Pradesh,1407,3745,2587
2025-06-28,West Bengal,1991,2451,1554
2025-06-28,Gujarat,6364,871,179
2025-06-28,Rajasthan,2570,1689,626
2025-06-28,Bihar,5529,2464,822
2025-06-28,Kerala,8243,4959,4057
2025-06-29,Maharashtra,9535,3836,1330
2025-06-29,Delhi,1838,2485,1482
2025-06-29,Karnataka,4268,745,242
2025-06-29,Tamil Nadu,854,1516,19
2025-06-29,Uttar Pradesh,7091,3110,48
2025-06-29,West Bengal,1052,68,28
2025-06-29,Gujarat,750,1444,328
2025-06-29,Rajasthan,6686,1711,50
2025-06-29,Bihar,1162,3941,2499
2025-06-29,Kerala,4218,2866,1319
2025-06-30,Maharashtra,4680,4364,1650
2025-06-30,Delhi,3399,4653,1262
2025-06-30,Karnataka,4574,2359,2277
2025-06-30,Tamil Nadu,7390,3745,2887
2025-06-30,Uttar Pradesh,7488,336,142
2025-06-30,West Bengal,9786,2056,816
2025-06-30,Gujarat,8433,4928,854
2025-06-30,Rajasthan,6984,4181,3796
2025-06-30,Bihar,3378,3124,647
2025-06-30,Kerala,2484,1873,1490
2025-07-01,Maharashtra,4679,80,40
2025-07-01,Delhi,5738,2866,1096
2025-07-01,Karnataka,1485,3654,1096
2025-07-01,Tamil Nadu,7554,1624,402
2025-07-01,Uttar Pradesh,6342,3796,910
2025-07-01,West Bengal,9883,874,168
2025-07-01,Gujarat,6180,1036,334
2025-07-01,Rajasthan,9861,1640,1394
2025-07-01,Bihar,1202,572,21
2025-07-01,Kerala,114,4514,2047
2025-07-02,Maharashtra,6129,3351,245
2025-07-02,Delhi,4824,4956,1306
2025-07-02,Karnataka,7760,871,90
2025-07-02,Tamil Nadu,2325,4772,355
2025-07-02,Uttar Pradesh,51,3556,3415
2025-07-02,West Bengal,5171,3036,2998
2025-07-02,Gujarat,5107,4820,1392
2025-07-02,Rajasthan,2610,2531,812
2025-07-02,Bihar,8339,633,279
2025-07-02,Kerala,8984,3816,3342
2025-07-03,Maharashtra,1322,4627,900
2025-07-03,Delhi,4100,4068,2119
2025-07-03,Karnataka,852,1180,1012
2025-07-03,Tamil Nadu,8727,3261,2075
2025-07-03,Uttar Pradesh,8113,2999,1706
2025-07-03,West Bengal,9468,706,407
2025-07-03,Gujarat,3574,4790,1352
2025-07-03,Rajasthan,564,4835,709
2025-07-03,Bihar,526,1453,457
2025-07-03,Kerala,1061,4681,1017
2025-07-04,Maharashtra,8268,3214,211
2025-07-04,Delhi,1034,4473,2912
2025-07-04,Karnataka,2951,175,150
2025-07-04,Tamil Nadu,9190,2136,2088
2025-07-04,Uttar Pradesh,5978,2843,2472
2025-07-04,West Bengal,2772,1998,1369
2025-07-04,Gujarat,2819,2916,2301
2025-07-04,Rajasthan,3594,2467,905
2025-07-04,Bihar,2061,794,121
2025-07-04,Kerala,7558,666,364
2025-07-05,Maharashtra,7970,4737,954
2025-07-05,Delhi,5393,2490,197
2025-07-05,Karnataka,4065,3825,3708
2025-07-05,Tamil Nadu,4225,2984,862
2025-07-05,Uttar Pradesh,3439,1880,344
2025-07-05,West Bengal,2627,360,61
2025-07-05,Gujarat,2980,2190,684
2025-07-05,Rajasthan,9305,2562,1314
2025-07-05,Bihar,3685,3851,3464
2025-07-05,Kerala,3910,4272,1108
2025-07-06,Maharashtra,2746,513,258
2025-07-06,Delhi,2813,3715,3614
2025-07-06,Karnataka,6012,2447,1478
2025-07-06,Tamil Nadu,909,2290,330
2025-07-06,Uttar Pradesh,3121,1617,541
2025-07-06,West Bengal,3487,2872,960
2025-07-06,Gujarat,7648,3107,194
2025-07-06,Rajasthan,1785,2901,465
2025-07-06,Bihar,2760,4268,3915
2025-07-06,Kerala,9261,2074,1811
2025-07-07,Maharashtra,782,1077,531
2025-07-07,Delhi,7430,4135,4092
2025-07-07,Karnataka,4962,855,164
2025-07-07,Tamil Nadu,1706,2264,726
2025-07-07,Uttar Pradesh,6927,1305,177
2025-07-07,West Bengal,6740,3154,920
2025-07-07,Gujarat,4726,2435,618
2025-07-07,Rajasthan,3101,2208,1758
2025-07-07,Bihar,3232,3180,1733
2025-07-07,Kerala,8686,3867,1805
2025-07-08,Maharashtra,9770,4289,1138
2025-07-08,Delhi,9874,2796,1598
2025-07-08,Karnataka,226,4852,1542
2025-07-08,Tamil Nadu,6158,4054,1404
2025-07-08,Uttar Pradesh,5751,4028,1121
2025-07-08,West Bengal,3183,4517,485
2025-07-08,Gujarat,5501,4286,1819
2025-07-08,Rajasthan,5968,3992,2304
2025-07-08,Bihar,9039,2491,981
2025-07-08,Kerala,9646,2983,2495
2025-07-09,Maharashtra,6335,4538,3448
2025-07-09,Delhi,4358,3949,3728
2025-07-09,Karnataka,1388,3100,3081
2025-07-09,Tamil Nadu,3389,520,58
2025-07-09,Uttar Pradesh,325,4983,847
2025-07-09,West Bengal,8175,4231,728
2025-07-09,Gujarat,858,2472,1624
2025-07-09,Rajasthan,6597,1381,1129
2025-07-09,Bihar,3143,1041,999
2025-07-09,Kerala,638,4052,2988
2025-07-10,Maharashtra,9623,4566,960
2025-07-10,Delhi,684,1230,335
2025-07-10,Karnataka,8509,656,558
2025-07-10,Tamil Nadu,9198,2651,693
2025-07-10,Uttar Pradesh,6278,741,226
2025-07-10,West Bengal,3602,4903,4880
2025-07-10,Gujarat,877,3316,2770
2025-07-10,Rajasthan,8761,625,387
2025-07-10,Bihar,8522,879,291
2025-07-10,Kerala,7826,3324,1693
2025-07-11,Maharashtra,877,3529,57
2025-07-11,Delhi,9151,3058,1354
2025-07-11,Karnataka,4802,621,486
2025-07-11,Tamil Nadu,216,274,162
2025-07-11,Uttar Pradesh,3953,3292,178
2025-07-11,West Bengal,5098,4609,1835
2025-07-11,Gujarat,1296,2349,1153
2025-07-11,Rajasthan,6921,1343,454
2025-07-11,Bihar,2944,4327,2425
2025-07-11,Kerala,2506,832,780
2025-07-12,Maharashtra,9626,557,371
2025-07-12,Delhi,2727,1688,917
2025-07-12,Karnataka,4253,3979,3131
2025-07-12,Tamil Nadu,740,4225,1140
2025-07-12,Uttar Pradesh,318,1233,857
2025-07-12,West Bengal,2359,3554,1192
2025-07-12,Gujarat,4743,1307,861
2025-07-12,Rajasthan,2619,4296,1324
2025-07-12,Bihar,8851,1724,1533
2025-07-12,Kerala,4824,1298,1017
2025-07-13,Maharashtra,8462,794,378
2025-07-13,Delhi,5301,3016,2293
2025-07-13,Karnataka,8363,1533,849
2025-07-13,Tamil Nadu,9448,3522,3158
2025-07-13,Uttar Pradesh,4902,3930,3245
2025-07-13,West Bengal,5026,1466,1444
2025-07-13,Gujarat,2002,4123,2664
2025-07-13,Rajasthan,3311,4971,2552
2025-07-13,Bihar,1653,520,325
2025-07-13,Kerala,7957,651,442
2025-07-14,Maharashtra,4146,1631,947
2025-07-14,Delhi,5857,2575,646
2025-07-14,Karnataka,6473,2321,1047
2025-07-14,Tamil Nadu,9603,888,265
2025-07-14,Uttar Pradesh,7319,2389,1896
2025-07-14,West Bengal,106,3452,2360
2025-07-14,Gujarat,5642,4713,4062
2025-07-14,Rajasthan,4202,3696,386
2025-07-14,Bihar,3443,87,72
2025-07-14,Kerala,7969,80,62
2025-07-15,Maharashtra,8659,801,220
2025-07-15,Delhi,1265,3628,2331
2025-07-15,Karnataka,2158,2317,1440
2025-07-15,Tamil Nadu,4070,3082,1305
2025-07-15,Uttar Pradesh,7935,3725,3720
2025-07-15,West Bengal,5098,2947,2410
2025-07-15,Gujarat,7659,3327,37
2025-07-15,Rajasthan,4950,3546,933
2025-07-15,Bihar,9122,3054,1469
2025-07-15,Kerala,6701,1179,1063
2025-07-16,Maharashtra,6002,4117,1465
2025-07-16,Delhi,1206,4176,3418
2025-07-16,Karnataka,1962,999,844
2025-07-16,Tamil Nadu,9267,895,249
2025-07-16,Uttar Pradesh,9974,279,269
2025-07-16,West Bengal,6078,3138,2188
2025-07-16,Gujarat,3792,539,448
2025-07-16,Rajasthan,8377,262,259
2025-07-16,Bihar,1791,3024,499
2025-07-16,Kerala,379,4736,4060
2025-07-17,Maharashtra,3094,2689,2153
2025-07-17,Delhi,5213,2247,2065
2025-07-17,Karnataka,3758,1495,82
2025-07-17,Tamil Nadu,7945,2952,1495
2025-07-17,Uttar Pradesh,5542,4820,3281
2025-07-17,West Bengal,6084,2422,2193
2025-07-17,Gujarat,9065,1171,58
2025-07-17,Rajasthan,7942,83,32
2025-07-17,Bihar,8648,3106,1494
2025-07-17,Kerala,2648,4865,632
2025-07-18,Maharashtra,831,2421,1898
2025-07-18,Delhi,6321,3763,1208
2025-07-18,Karnataka,8552,1905,251
2025-07-18,Tamil Nadu,4371,4146,1121
2025-07-18,Uttar Pradesh,6688,1505,906
2025-07-18,West Bengal,7312,506,16
2025-07-18,Gujarat,7402,2192,1475
2025-07-18,Rajasthan,1679,1050,835
2025-07-18,Bihar,7504,656,596
2025-07-18,Kerala,3971,1459,482
2025-07-19,Maharashtra,4965,230,55
2025-07-19,Delhi,766,2736,1162
2025-07-19,Karnataka,7229,2296,1466
2025-07-19,Tamil Nadu,5899,3179,2603
2025-07-19,Uttar Pradesh,1269,2050,684
2025-07-19,West Bengal,3425,3419,1124
2025-07-19,Gujarat,7359,465,170
2025-07-19,Rajasthan,7535,3729,3046
2025-07-19,Bihar,8840,1527,351
2025-07-19,Kerala,7593,1234,661
2025-07-20,Maharashtra,2638,1576,1110
2025-07-20,Delhi,2366,288,21
2025-07-20,Karnataka,9570,749,275
2025-07-20,Tamil Nadu,5822,1306,92
2025-07-20,Uttar Pradesh,668,1867,983
2025-07-20,West Bengal,2979,550,318
2025-07-20,Gujarat,3025,2435,1160
2025-07-20,Rajasthan,9919,4637,4081
2025-07-20,Bihar,3837,4396,210
2025-07-20,Kerala,5519,1981,1387
2025-07-21,Maharashtra,5027,4721,990
2025-07-21,Delhi,106,1791,114
2025-07-21,Karnataka,7148,4657,1473
2025-07-21,Tamil Nadu,590,4867,4707
2025-07-21,Uttar Pradesh,9137,737,688
2025-07-21,West Bengal,7773,1395,601
2025-07-21,Gujarat,8722,4946,4780
2025-07-21,Rajasthan,5440,3951,1507
2025-07-21,Bihar,37,651,236
2025-07-21,Kerala,3149,3776,3488
2025-07-22,Maharashtra,6883,3935,1008
2025-07-22,Delhi,6576,3367,2379
2025-07-22,Karnataka,9836,4462,1309
2025-07-22,Tamil Nadu,9856,2943,1781
2025-07-22,Uttar Pradesh,492,3850,3716
2025-07-22,West Bengal,5144,2896,2198
2025-07-22,Gujarat,2390,1273,348
2025-07-22,Rajasthan,5469,2752,1569
2025-07-22,Bihar,792,4790,3905
2025-07-22,Kerala,4363,2803,1376
2025-07-23,Maharashtra,996,2921,496
2025-07-23,Delhi,3918,125,20
2025-07-23,Karnataka,4496,546,288
2025-07-23,Tamil Nadu,1623,3854,2511
2025-07-23,Uttar Pradesh,4768,168,128
2025-07-23,West Bengal,2242,381,60
2025-07-23,Gujarat,984,3962,598
2025-07-23,Rajasthan,7297,3824,3599
2025-07-23,Bihar,7765,4279,3799
2025-07-23,Kerala,775,1921,581
2025-07-24,Maharashtra,9063,3206,2014
2025-07-24,Delhi,2976,2177,1851
2025-07-24,Karnataka,3155,2077,698
2025-07-24,Tamil Nadu,6379,2795,2474
2025-07-24,Uttar Pradesh,8421,2210,1730
2025-07-24,West Bengal,6735,1068,427
2025-07-24,Gujarat,4581,2482,2428
2025-07-24,Rajasthan,6587,3650,1256
2025-07-24,Bihar,7281,885,54
2025-07-24,Kerala,589,2697,1023
2025-07-25,Maharashtra,7848,2120,234
2025-07-25,Delhi,5851,3606,2475
2025-07-25,Karnataka,7341,4466,3092
2025-07-25,Tamil Nadu,4233,1029,138
2025-07-25,Uttar Pradesh,5443,1557,580
2025-07-25,West Bengal,6075,3179,1063
2025-07-25,Gujarat,2228,554,118
2025-07-25,Rajasthan,8354,2561,1170
2025-07-25,Bihar,6714,212,161
2025-07-25,Kerala,7989,2124,1770
2025-07-26,Maharashtra,7757,2893,1804
2025-07-26,Delhi,4952,819,694
2025-07-26,Karnataka,6410,1014,890
2025-07-26,Tamil Nadu,9677,2674,1923
2025-07-26,Uttar Pradesh,3089,791,383
2025-07-26,West Bengal,6489,1793,701
2025-07-26,Gujarat,3661,487,445
2025-07-26,Rajasthan,5354,1862,1074
2025-07-26,Bihar,7548,1447,600
2025-07-26,Kerala,3100,2752,2573
2025-07-27,Maharashtra,856,4213,1508
2025-07-27,Delhi,50,2873,2835
2025-07-27,Karnataka,5439,3253,2059
2025-07-27,Tamil Nadu,7924,1421,454
2025-07-27,Uttar Pradesh,2764,2531,1220
2025-07-27,West Bengal,1007,2203,661
2025-07-27,Gujarat,2630,3535,2601
2025-07-27,Rajasthan,7956,4138,2670
2025-07-27,Bihar,4344,2648,1615
2025-07-27,Kerala,1859,3808,2618
2025-07-28,Maharashtra,9190,819,224
2025-07-28,Delhi,5061,654,447
2025-07-28,Karnataka,5324,4918,4387
2025-07-28,Tamil Nadu,2423,776,123
2025-07-28,Uttar Pradesh,720,1773,391
2025-07-28,West Bengal,1454,3746,2226
2025-07-28,Gujarat,5942,3700,653
2025-07-28,Rajasthan,7849,4622,2585
2025-07-28,Bihar,877,3149,1072
2025-07-28,Kerala,9080,3224,42
2025-07-29,Maharashtra,3029,3121,330
2025-07-29,Delhi,7788,3706,1933
2025-07-29,Karnataka,362,555,468
2025-07-29,Tamil Nadu,6148,4975,361
2025-07-29,Uttar Pradesh,4406,2545,266
2025-07-29,West Bengal,2167,4298,1270
2025-07-29,Gujarat,7411,1319,951
2025-07-29,Rajasthan,8109,2091,1069
2025-07-29,Bihar,8532,388,323
2025-07-29,Kerala,3987,3896,3155
2025-07-30,Maharashtra,8601,1049,960
2025-07-30,Delhi,8128,1995,714
2025-07-30,Karnataka,9584,2562,538
2025-07-30,Tamil Nadu,5597,4990,934
2025-07-30,Uttar Pradesh,9296,4632,1880
2025-07-30,West Bengal,9808,3189,2785
2025-07-30,Gujarat,7457,2262,7
2025-07-30,Rajasthan,6687,1467,304
2025-07-30,Bihar,8033,453,0
2025-07-30,Kerala,1631,1312,847
2025-07-31,Maharashtra,7986,4744,998
2025-07-31,Delhi,5676,2802,1874
2025-07-31,Karnataka,6686,2121,1828
2025-07-31,Tamil Nadu,1725,4057,3863
2025-07-31,Uttar Pradesh,4513,1080,189
2025-07-31,West Bengal,5890,3564,612
2025-07-31,Gujarat,4104,1305,748
2025-07-31,Rajasthan,3728,1955,524
2025-07-31,Bihar,8389,1400,1209
2025-07-31,Kerala,5100,4034,2851
2025-08-01,Maharashtra,820,988,661
2025-08-01,Delhi,3671,3846,2411
2025-08-01,Karnataka,7650,2288,1535
2025-08-01,Tamil Nadu,6212,3196,249
2025-08-01,Uttar Pradesh,7428,3224,3096
2025-08-01,West Bengal,7281,3996,1691
2025-08-01,Gujarat,9300,3845,2222
2025-08-01,Rajasthan,2876,2336,108
2025-08-01,Bihar,213,2733,739
2025-08-01,Kerala,9124,607,554
2025-08-02,Maharashtra,7496,2335,984
2025-08-02,Delhi,1579,92,26
2025-08-02,Karnataka,753,3076,2383
2025-08-02,Tamil Nadu,5896,4244,935
2025-08-02,Uttar Pradesh,9300,792,223
2025-08-02,West Bengal,1345,3590,1068
2025-08-02,Gujarat,5667,1052,711
2025-08-02,Rajasthan,6702,200,122
2025-08-02,Bihar,3431,221,157
2025-08-02,Kerala,4269,3908,2149
2025-08-03,Maharashtra,8387,2516,1554
2025-08-03,Delhi,4736,2659,2241
2025-08-03,Karnataka,6406,1129,434
2025-08-03,Tamil Nadu,4341,4920,3745
2025-08-03,Uttar Pradesh,7703,1951,0
2025-08-03,West Bengal,5105,339,81
2025-08-03,Gujarat,7848,953,9
2025-08-03,Rajasthan,5969,106,53
2025-08-03,Bihar,7902,2289,1918
2025-08-03,Kerala,2844,500,95
2025-08-04,Maharashtra,979,4111,3499
2025-08-04,Delhi,7501,1455,302
2025-08-04,Karnataka,7084,4400,1039
2025-08-04,Tamil Nadu,9123,4873,459
2025-08-04,Uttar Pradesh,3144,3398,1381
2025-08-04,West Bengal,2858,2998,261
2025-08-04,Gujarat,3847,2392,118
2025-08-04,Rajasthan,879,2598,324
2025-08-04,Bihar,6960,3837,580
2025-08-04,Kerala,7211,4177,2438
2025-08-05,Maharashtra,248,2012,816
2025-08-05,Delhi,3000,4968,3957
2025-08-05,Karnataka,9267,2735,1418
2025-08-05,Tamil Nadu,5661,55,21
2025-08-05,Uttar Pradesh,1623,442,103
2025-08-05,West Bengal,7786,4192,2574
2025-08-05,Gujarat,4384,2531,2430
2025-08-05,Rajasthan,5823,1489,792
2025-08-05,Bihar,3989,879,35
2025-08-05,Kerala,4634,372,94
2025-08-06,Maharashtra,6627,3550,310
2025-08-06,Delhi,9316,4760,4117
2025-08-06,Karnataka,7485,4274,2518
2025-08-06,Tamil Nadu,1540,1437,932
2025-08-06,Uttar Pradesh,5521,1673,682
2025-08-06,West Bengal,5304,3751,2879
2025-08-06,Gujarat,7309,2267,1101
2025-08-06,Rajasthan,2123,1964,1037
2025-08-06,Bihar,9510,2441,2431
2025-08-06,Kerala,7971,2222,432
2025-08-07,Maharashtra,2850,2537,1337
2025-08-07,Delhi,6369,1641,421
2025-08-07,Karnataka,8611,1034,425
2025-08-07,Tamil Nadu,5620,2841,1581
2025-08-07,Uttar Pradesh,2706,3374,778
2025-08-07,West Bengal,8530,77,50
2025-08-07,Gujarat,6000,934,291
2025-08-07,Rajasthan,851,2112,1679
2025-08-07,Bihar,582,2402,1457
2025-08-07,Kerala,6037,1152,554
2025-08-08,Maharashtra,8736,3871,3234
2025-08-08,Delhi,1170,4977,2099
2025-08-08,Karnataka,3007,425,268
2025-08-08,Tamil Nadu,1424,1003,878
2025-08-08,Uttar Pradesh,8383,4757,3232
2025-08-08,West Bengal,3861,3070,1825
2025-08-08,Gujarat,5781,1565,1410
2025-08-08,Rajasthan,1060,4146,3524
2025-08-08,Bihar,2108,1394,124
2025-08-08,Kerala,1249,242,87
2025-08-09,Maharashtra,7354,4619,1968
2025-08-09,Delhi,7244,434,85
2025-08-09,Karnataka,3673,4275,1792
2025-08-09,Tamil Nadu,3357,2536,1980
2025-08-09,Uttar Pradesh,6073,2151,702
2025-08-09,West Bengal,183,3803,721
2025-08-09,Gujarat,5378,2099,620
2025-08-09,Rajasthan,9827,1394,330
2025-08-09,Bihar,1791,4296,2589
2025-08-09,Kerala,884,1877,818
2025-08-10,Maharashtra,301,3561,3342
2025-08-10,Delhi,8369,1694,589
2025-08-10,Karnataka,21,4605,447
2025-08-10,Tamil Nadu,4211,3155,518
2025-08-10,Uttar Pradesh,9270,468,58
2025-08-10,West Bengal,7820,2555,1679
2025-08-10,Gujarat,6437,1759,1243
2025-08-10,Rajasthan,2665,1849,939
2025-08-10,Bihar,7038,1628,1589
2025-08-10,Kerala,3593,2346,111
2025-08-11,Maharashtra,3375,3438,34
2025-08-11,Delhi,5941,2748,799
2025-08-11,Karnataka,2885,4731,3386
2025-08-11,Tamil Nadu,866,3516,2043
2025-08-11,Uttar Pradesh,7332,3655,2859
2025-08-11,West Bengal,8358,3189,1434
2025-08-11,Gujarat,3856,1467,666
2025-08-11,Rajasthan,6393,649,374
2025-08-11,Bihar,6245,1069,662
2025-08-11,Kerala,3096,986,629
2025-08-12,Maharashtra,5208,258,190
2025-08-12,Delhi,559,1867,264
2025-08-12,Karnataka,403,2157,2007
2025-08-12,Tamil Nadu,1932,4584,4515
2025-08-12,Uttar Pradesh,9541,1292,191
2025-08-12,West Bengal,7949,124,36
2025-08-12,Gujarat,2267,3921,155
2025-08-12,Rajasthan,9981,2456,1836
2025-08-12,Bihar,6722,4982,3471
2025-08-12,Kerala,5434,4041,1465
2025-08-13,Maharashtra,682,3608,1777
2025-08-13,Delhi,7376,2185,1761
2025-08-13,Karnataka,3401,1130,67
2025-08-13,Tamil Nadu,2251,2492,2246
2025-08-13,Uttar Pradesh,4787,692,411
2025-08-13,West Bengal,3281,954,367
2025-08-13,Gujarat,8645,1086,537
2025-08-13,Rajasthan,6433,3847,2573
2025-08-13,Bihar,7096,2500,367
2025-08-13,Kerala,5928,1499,1084
2025-08-14,Maharashtra,2994,3854,2829
2025-08-14,Delhi,9795,3705,3149
2025-08-14,Karnataka,2364,1425,429
2025-08-14,Tamil Nadu,1335,3912,1128
2025-08-14,Uttar Pradesh,1003,3492,916
2025-08-14,West Bengal,4854,2399,399
2025-08-14,Gujarat,1467,2446,628
2025-08-14,Rajasthan,9619,1242,680
2025-08-14,Bihar,1790,2774,2633
2025-08-14,Kerala,7942,2417,714
2025-08-15,Maharashtra,136,4559,1622
2025-08-15,Delhi,507,2489,207
2025-08-15,Karnataka,1309,2655,1044
2025-08-15,Tamil Nadu,1552,2296,688
2025-08-15,Uttar Pradesh,1944,607,92
2025-08-15,West Bengal,7445,4400,3975
2025-08-15,Gujarat,7197,1916,787
2025-08-15,Rajasthan,5686,1300,725
2025-08-15,Bihar,9162,4475,4196
2025-08-15,Kerala,1983,410,243
2025-08-16,Maharashtra,3750,3928,2262
2025-08-16,Delhi,3335,2683,1408
2025-08-16,Karnataka,8802,3453,2046
2025-08-16,Tamil Nadu,3089,3556,3302
2025-08-16,Uttar Pradesh,8042,3225,2652
2025-08-16,West Bengal,8922,1228,1212
2025-08-16,Gujarat,7527,3406,982
2025-08-16,Rajasthan,7628,56,15
2025-08-16,Bihar,9423,1065,1053
2025-08-16,Kerala,7914,4170,4167
2025-08-17,Maharashtra,4867,4714,2956
2025-08-17,Delhi,2424,1002,887
2025-08-17,Karnataka,1729,3528,527
2025-08-17,Tamil Nadu,3714,734,592
2025-08-17,Uttar Pradesh,1556,3081,3058
2025-08-17,West Bengal,8570,1363,149
2025-08-17,Gujarat,9117,4522,3138
2025-08-17,Rajasthan,6234,3240,2510
2025-08-17,Bihar,9136,1179,277
2025-08-17,Kerala,8485,3158,462
2025-08-18,Maharashtra,6941,2480,531
2025-08-18,Delhi,2243,1384,186
2025-08-18,Karnataka,9241,2788,390
2025-08-18,Tamil Nadu,4407,2014,698
2025-08-18,Uttar Pradesh,3709,4285,4283
2025-08-18,West Bengal,1083,4849,1251
2025-08-18,Gujarat,7927,1204,75
2025-08-18,Rajasthan,7919,4933,3835
2025-08-18,Bihar,8606,272,264
2025-08-18,Kerala,3197,3722,1912
2025-08-19,Maharashtra,1829,4721,1111
2025-08-19,Delhi,7924,187,60
2025-08-19,Karnataka,5282,4301,3013
2025-08-19,Tamil Nadu,1291,3679,1972
2025-08-19,Uttar Pradesh,8250,2612,393
2025-08-19,West Bengal,3251,2711,1338
2025-08-19,Gujarat,6475,3425,204
2025-08-19,Rajasthan,5187,1909,1472
2025-08-19,Bihar,5248,2594,1779
2025-08-19,Kerala,7470,3511,1794
2025-08-20,Maharashtra,1068,2164,327
2025-08-20,Delhi,3394,3257,567
2025-08-20,Karnataka,3697,3619,2617
2025-08-20,Tamil Nadu,7757,907,452
2025-08-20,Uttar Pradesh,2139,1791,783
2025-08-20,West Bengal,3324,1901,1319
2025-08-20,Gujarat,4423,1609,1584
2025-08-20,Rajasthan,4457,254,220
2025-08-20,Bihar,747,4921,1379
2025-08-20,Kerala,7166,205,30
2025-08-21,Maharashtra,9156,2272,404
2025-08-21,Delhi,7858,903,377
2025-08-21,Karnataka,6960,4578,4565
2025-08-21,Tamil Nadu,4997,874,613
2025-08-21,Uttar Pradesh,6367,2842,2469
2025-08-21,West Bengal,7617,4925,595
2025-08-21,Gujarat,3735,3105,1127
2025-08-21,Rajasthan,8106,2307,1612
2025-08-21,Bihar,6784,3436,22
2025-08-21,Kerala,4055,3920,2515
2025-08-22,Maharashtra,9948,2630,2018
2025-08-22,Delhi,211,1973,1393
2025-08-22,Karnataka,7058,3655,3351
2025-08-22,Tamil Nadu,1941,3507,1303
2025-08-22,Uttar Pradesh,9135,3212,567
2025-08-22,West Bengal,4275,2164,1408
2025-08-22,Gujarat,5555,145,79
2025-08-22,Rajasthan,8814,4907,319
2025-08-22,Bihar,8352,3549,237
2025-08-22,Kerala,8228,2944,1890
2025-08-23,Maharashtra,1696,3723,599
2025-08-23,Delhi,7403,2801,2776
2025-08-23,Karnataka,4612,2326,1055
2025-08-23,Tamil Nadu,2812,731,53
2025-08-23,Uttar Pradesh,212,680,201
2025-08-23,West Bengal,2292,2613,1082
2025-08-23,Gujarat,3730,1690,216
2025-08-23,Rajasthan,5366,1948,1795
2025-08-23,Bihar,2905,4369,3423
2025-08-23,Kerala,8385,461,150
2025-08-24,Maharashtra,7206,2750,2208
2025-08-24,Delhi,2506,3320,49
2025-08-24,Karnataka,464,3880,2637
2025-08-24,Tamil Nadu,283,25,22
2025-08-24,Uttar Pradesh,2178,2819,505
2025-08-24,West Bengal,6279,291,195
2025-08-24,Gujarat,8658,3704,929
2025-08-24,Rajasthan,5978,528,98
2025-08-24,Bihar,252,2937,427
2025-08-24,Kerala,1724,4138,2470
2025-08-25,Maharashtra,7047,1972,732
2025-08-25,Delhi,403,4787,63
2025-08-25,Karnataka,2365,3697,3145
2025-08-25,Tamil Nadu,7598,3741,41
2025-08-25,Uttar Pradesh,1213,2494,1307
2025-08-25,West Bengal,393,4982,4662
2025-08-25,Gujarat,8643,4002,2249
2025-08-25,Rajasthan,5178,4359,3622
2025-08-25,Bihar,3733,1768,156
2025-08-25,Kerala,2055,4387,2791
2025-08-26,Maharashtra,8174,1244,567
2025-08-26,Delhi,7091,559,214
2025-08-26,Karnataka,6430,2095,720
2025-08-26,Tamil Nadu,5831,2733,908
2025-08-26,Uttar Pradesh,1401,3915,569
2025-08-26,West Bengal,9146,4712,3267
2025-08-26,Gujarat,3813,3649,3164
2025-08-26,Rajasthan,566,1959,1665
2025-08-26,Bihar,8000,1792,896
2025-08-26,Kerala,2628,841,432
2025-08-27,Maharashtra,3395,1604,806
2025-08-27,Delhi,9053,3818,1557
2025-08-27,Karnataka,1488,1815,539
2025-08-27,Tamil Nadu,772,1740,906
2025-08-27,Uttar Pradesh,3646,2721,1677
2025-08-27,West Bengal,1414,3276,521
2025-08-27,Gujarat,3830,543,98
2025-08-27,Rajasthan,2284,2984,2878
2025-08-27,Bihar,3987,2168,644
2025-08-27,Kerala,3179,2344,511
2025-08-28,Maharashtra,3829,4107,675
2025-08-28,Delhi,4719,3441,3283
2025-08-28,Karnataka,7956,135,101
2025-08-28,Tamil Nadu,5461,3436,214
2025-08-28,Uttar Pradesh,9420,4431,636
2025-08-28,West Bengal,721,2051,672
2025-08-28,Gujarat,107,3431,125
2025-08-28,Rajasthan,3607,4004,2897
2025-08-28,Bihar,6042,2968,497
2025-08-28,Kerala,6175,655,326
2025-08-29,Maharashtra,6612,4761,3588
2025-08-29,Delhi,7923,4061,1155
2025-08-29,Karnataka,4898,3868,446
2025-08-29,Tamil Nadu,9644,4551,2499
2025-08-29,Uttar Pradesh,7983,531,10
2025-08-29,West Bengal,1402,1004,534
2025-08-29,Gujarat,5706,3215,6
2025-08-29,Rajasthan,7535,1786,388
2025-08-29,Bihar,3966,3380,1561
2025-08-29,Kerala,1807,454,95
2025-08-30,Maharashtra,5109,1209,299
2025-08-30,Delhi,5179,1194,747
2025-08-30,Karnataka,150,736,177
2025-08-30,Tamil Nadu,884,2028,613
2025-08-30,Uttar Pradesh,4549,672,624
2025-08-30,West Bengal,6333,2533,1168
2025-08-30,Gujarat,2699,4315,171
2025-08-30,Rajasthan,938,4899,4192
2025-08-30,Bihar,4458,2681,14
2025-08-30,Kerala,4406,1682,90
2025-08-31,Maharashtra,9902,4571,1614
2025-08-31,Delhi,7051,317,87
2025-08-31,Karnataka,2479,2650,1927
2025-08-31,Tamil Nadu,698,552,216
2025-08-31,Uttar Pradesh,6428,1902,1391
2025-08-31,West Bengal,8746,2777,1287
2025-08-31,Gujarat,5836,3262,1873
2025-08-31,Rajasthan,2502,64,8
2025-08-31,Bihar,3346,167,13
2025-08-31,Kerala,9042,729,353
2025-09-01,Maharashtra,7960,898,854
2025-09-01,Delhi,7122,648,325
2025-09-01,Karnataka,535,2539,329
2025-09-01,Tamil Nadu,4856,3078,134
2025-09-01,Uttar Pradesh,4235,2670,1083
2025-09-01,West Bengal,7046,130,37
2025-09-01,Gujarat,9901,1687,1250
2025-09-01,Rajasthan,8048,4867,657
2025-09-01,Bihar,2430,4922,13
2025-09-01,Kerala,1875,3561,1336
2025-09-02,Maharashtra,7913,1506,186
2025-09-02,Delhi,5630,4441,3911
2025-09-02,Karnataka,6182,4809,741
2025-09-02,Tamil Nadu,6637,3602,250
2025-09-02,Uttar Pradesh,9802,3071,2365
2025-09-02,West Bengal,4909,3235,1192
2025-09-02,Gujarat,2521,2675,1218
2025-09-02,Rajasthan,8956,469,65
2025-09-02,Bihar,6640,296,191
2025-09-02,Kerala,4580,2941,2268
2025-09-03,Maharashtra,9482,192,96
2025-09-03,Delhi,7162,555,85
2025-09-03,Karnataka,501,4196,854
2025-09-03,Tamil Nadu,6765,4910,2388
2025-09-03,Uttar Pradesh,1626,915,567
2025-09-03,West Bengal,6003,903,30
2025-09-03,Gujarat,8096,1765,1657
2025-09-03,Rajasthan,7268,4479,3204
2025-09-03,Bihar,6004,4936,4130
2025-09-03,Kerala,9021,3157,768
2025-09-04,Maharashtra,2207,4318,2474
2025-09-04,Delhi,8423,443,59
2025-09-04,Karnataka,2779,2439,2345
2025-09-04,Tamil Nadu,9916,4379,3071
2025-09-04,Uttar Pradesh,7422,4587,3105
2025-09-04,West Bengal,3935,3295,1790
2025-09-04,Gujarat,4184,4408,3872
2025-09-04,Rajasthan,4771,4993,3912
2025-09-04,Bihar,3476,1019,668
2025-09-04,Kerala,4967,4730,1146
2025-09-05,Maharashtra,9268,2858,1917
2025-09-05,Delhi,3997,56,3
2025-09-05,Karnataka,1153,4654,2589
2025-09-05,Tamil Nadu,1209,670,51
2025-09-05,Uttar Pradesh,6313,4902,3021
2025-09-05,West Bengal,9027,475,171
2025-09-05,Gujarat,584,134,24
2025-09-05,Rajasthan,4355,4591,3493
2025-09-05,Bihar,5717,2519,2001
2025-09-05,Kerala,1259,470,304
2025-09-06,Maharashtra,1203,1392,1135
2025-09-06,Delhi,5681,339,45
2025-09-06,Karnataka,7029,371,146
2025-09-06,Tamil Nadu,4495,3797,327
2025-09-06,Uttar Pradesh,578,58,22
2025-09-06,West Bengal,973,4131,509
2025-09-06,Gujarat,2720,577,250
2025-09-06,Rajasthan,5254,4134,869
2025-09-06,Bihar,1294,2783,1033
2025-09-06,Kerala,8751,2155,1147
2025-09-07,Maharashtra,7550,2892,2140
2025-09-07,Delhi,2346,4825,2381
2025-09-07,Karnataka,3166,1194,804
2025-09-07,Tamil Nadu,3057,3573,1087
2025-09-07,Uttar Pradesh,6241,787,317
2025-09-07,West Bengal,2370,443,165
2025-09-07,Gujarat,6052,4183,1153
2025-09-07,Rajasthan,7983,1887,1212
2025-09-07,Bihar,9316,881,764
2025-09-07,Kerala,1467,571,546
2025-09-08,Maharashtra,3346,2232,1916
2025-09-08,Delhi,2953,526,355
2025-09-08,Karnataka,4199,4751,1261
2025-09-08,Tamil Nadu,474,3113,1657
2025-09-08,Uttar Pradesh,3314,340,109
2025-09-08,West Bengal,9597,3947,1063
2025-09-08,Gujarat,1594,3,0
2025-09-08,Rajasthan,9565,627,527
2025-09-08,Bihar,8126,1470,199
2025-09-08,Kerala,2387,3621,3245
>>>>>>> 1b5b9c71561a11fb6ffdf08c49cfa42664dcd673
>>>>>>> 92f41e7c7f0f8b8bdf363bd8d147bbadd04745e5
